Id;Bild;Produkt;Menge;Preis
d8209e12-4534-4c53-8a91-4f23cc23eda5;https://pp-de-metro-markets.imgix.net/item_image/65cd9b98-cbea-4494-9818-8ac5497e285e?h=148&ixlib=php-2.3.0&q=100&w=148;Test Blended whisky;50;198.0000
"0231003a-3b54-433e-9d24-483182cb42b4";https://pp-de-metro-markets.imgix.net/item_image/1b05a036-a879-49b3-ad05-4b01dbaf9e2f?h=148&ixlib=php-2.3.0&q=100&w=148;Van Well Trend Basic Kaffeebecher;11;876.9400
f7aad3da-814b-483f-9b4f-7d90b89df1d8;https://pp-de-metro-markets.imgix.net/item_image/702a9933-ed04-4efa-8313-e02b7470d6a1?h=148&ixlib=php-2.3.0&q=100&w=148;Leitz Schriftbandkassette 70130001 225 Etik. 59x102mm schwarz auf weiß;500;20.3200
ba1fc3ae-df33-4e14-805b-2644fdfb90f0;https://pp-de-metro-markets.imgix.net/item_image/2c574d95-bbad-40dd-847f-75613ae9ea7b?h=148&ixlib=php-2.3.0&q=100&w=148;Leitz Schriftbandkassette 70120001 600 Etik. 88x36mm schwarz auf weiß;500;20.3200
d967fee9-7d5b-4f10-90f6-6e749b0f03e3;https://pp-de-metro-markets.imgix.net/item_image/2ff503e1-0c03-45e6-bd80-feb9f84d950a?h=148&ixlib=php-2.3.0&q=100&w=148;Leitz Schriftbandkassette 70160001 88mmx10m schwarz auf weiß;500;24.8800
e417f426-f46c-48ad-b5a3-ceacc77f336d;https://pp-de-metro-markets.imgix.net/item_image/0ae69a30-c7f6-4ba3-9e9b-1b48ea776beb?h=148&ixlib=php-2.3.0&q=100&w=148;Leitz Schriftbandkassette 70100001 19mmx22m schwarz auf weiß;482;12.4400
cda7cff2-41ba-41d0-b36e-40b85ed00a9b;https://pp-de-metro-markets.imgix.net/item_image/4555456e-9016-4eb4-b25e-ea2da79aec88?h=148&ixlib=php-2.3.0&q=100&w=148;ELTEN Sicherheitshalbschuh NOEL black Low ESD S2 Größe 42;35;87.4500
fd6f74e9-f9d3-45a3-a32e-c46e3ab04c25;https://pp-de-metro-markets.imgix.net/item_image/14361245-1649-41a1-a011-baf62181cf52?h=148&ixlib=php-2.3.0&q=100&w=148;FÜRI Pro Tranchiermesser 20 cm Box;57;37.7400
"5def18a5-c2c4-4e61-9bd7-e70920fa8247";https://pp-de-metro-markets.imgix.net/item_image/c063956c-45b1-410c-ad40-a533e3e095e6?h=148&ixlib=php-2.3.0&q=100&w=148;FÜRI Diamond Fingers Messerschleifer Box;85;37.7400
ef8e95c6-7cc2-4f9b-b582-9c9b12cd4481;https://pp-de-metro-markets.imgix.net/item_image/c1f53bde-2259-4236-8949-73962f17abcc?h=148&ixlib=php-2.3.0&q=100&w=148;Kitchenaid Küchenmaschine 5KSM7591XEER Heavy Duty Rot;199;595.3600
"6924bf1a-a9e5-4f1b-8bee-2d60934de33e";https://pp-de-metro-markets.imgix.net/item_image/94eee359-56d6-4072-bd56-0971a4f297eb?h=148&ixlib=php-2.3.0&q=100&w=148;Really Useful Box Aufbewahrungsbox 35C 39x31x48cm 35l transparent;496;13.5300
"73a721f8-0d87-42ce-9732-4fe3d73dd4e1";https://pp-de-metro-markets.imgix.net/item_image/92e5b55e-c09d-4571-8131-ca0848fd18f0?h=148&ixlib=php-2.3.0&q=100&w=148;HP Color Laser Jet Pro-MFP M281 fdn Farblaser Multifunktionsdrucker;490;989.1000
"993a31fd-4481-41e5-baa3-e5c11c8c901c";https://pp-de-metro-markets.imgix.net/item_image/8a3ada13-aa42-47ca-a574-45aeffd7f100?h=148&ixlib=php-2.3.0&q=100&w=148;HP Toner CF542A Nr.203A 1.300Seiten gelb;482;35.8000
"3dfb3b67-5c25-4524-873a-2afcd2675b8e";https://pp-de-metro-markets.imgix.net/item_image/d678ddab-8fb9-45c0-8d41-fa6794bb7327?h=148&ixlib=php-2.3.0&q=100&w=148;HP Toner CF543A Nr.203A 1.300Seiten magenta;499;35.7000
"840e8976-e905-4315-a7a4-ae7f2c70c898";https://pp-de-metro-markets.imgix.net/item_image/341bac8e-bbba-470b-a419-0558e3f819f6?h=148&ixlib=php-2.3.0&q=100&w=148;HP Toner CF541A Nr.203A 1.300Seiten cyan;500;35.6000
"87deafa9-0637-4b94-81da-30240063fa36";https://pp-de-metro-markets.imgix.net/item_image/69c25a2c-fa8a-476e-879d-6ce779d6f3ab?h=148&ixlib=php-2.3.0&q=100&w=148;HP Toner CF540A Nr.203A 1.400Seiten schwarz;498;135.5200
ef6194e7-84a1-4c0f-8e57-46761231be26;https://pp-de-metro-markets.imgix.net/item_image/0b18fc1c-49e0-46eb-8059-388b67c7ba65?h=148&ixlib=php-2.3.0&q=100&w=148;Energizer Universal Ladegerät mit Status LCD - 1er Blister;14;88.8800
afafebed-53f5-49f9-b2bf-a6bc18bbc642;https://pp-de-metro-markets.imgix.net/item_image/0b18fc1c-49e0-46eb-8059-388b67c7ba65?h=148&ixlib=php-2.3.0&q=100&w=148;Energizer Universal Ladegerät mit Status LCD - 1er Blister;12;14.8000
"4cb48eae-1fff-4048-a228-0c9b2cb327d4";https://pp-de-metro-markets.imgix.net/item_image/6c2385cc-8ad0-4411-a914-9ae662d346d3?h=148&ixlib=php-2.3.0&q=100&w=148;Vintage Teppich »Milano« 140 x 70 cm, Schurwolle,  Brücke;10;10.0000
"69fd246e-c4b6-496c-9b6f-3d9d5bb5d55d";https://pp-de-metro-markets.imgix.net/item_image/fa8ee089-5c13-4d46-8e6c-0ae7dcd33dd8?h=148&ixlib=php-2.3.0&q=100&w=148;aro Kopierpapier, 80g/m²;42;20.0000
"33edf384-abf8-43c6-8b76-6a3ccebb288e";https://pp-de-metro-markets.imgix.net/item_image/dc37e4e0-ad75-4e72-8aee-394aa0a02c55?h=148&ixlib=php-2.3.0&q=100&w=148;Gartenfreude Seitenmarkise 180 x 300 cm, lemon;97;1001.1300
d0920688-49ae-4bc0-98f6-e731cdfbf88e;https://pp-de-metro-markets.imgix.net/item_image/e8e0935e-1d30-4bc5-a92c-b40a91371e3d?h=148&ixlib=php-2.3.0&q=100&w=148;Gartenfreude Seitenmarkise 180 x 300 cm, taupe;82;325.8100
"274306e8-52b4-4e29-8e59-e58cf65d9a6a";https://pp-de-metro-markets.imgix.net/item_image/976c9b1d-118d-472b-ad44-fcc00834c2fe?h=148&ixlib=php-2.3.0&q=100&w=148;Gartenfreude Seitenmarkise 180 x 300 cm, terracotta;94;315.5100
"1d55768e-a81a-428c-913a-6473f40ccce2";https://pp-de-metro-markets.imgix.net/item_image/7313f9bd-ed46-4b88-b12b-3efc27acb589?h=148&ixlib=php-2.3.0&q=100&w=148;Bottle Coolers;1986;561.7400
"69d84229-36c4-4632-8065-2d5ff7547afe";https://pp-de-metro-markets.imgix.net/item_image/035b9331-aecf-4864-aa5a-6646f85e5c9f?h=148&ixlib=php-2.3.0&q=100&w=148;swisstone GSM Mobiltelefon SC230 450032;202;600.0000
e75f8176-4d14-4557-b9d2-bb4e38f303d5;https://pp-de-metro-markets.imgix.net/item_image/03e6bad3-20b6-4966-8bd5-fad7b3a297c1?h=148&ixlib=php-2.3.0&q=100&w=148;Cuckoo Reiskocher CRP-R0681F;45;14.0000
"8c76effa-6d51-4e2d-99c7-a2e980f3dcbe";https://pp-de-metro-markets.imgix.net/item_image/a792612f-cc29-4d30-954b-d825f207c767?h=148&ixlib=php-2.3.0&q=100&w=148;Bleiakku 24V kompatibel FG20121 lead acid AGM VdS;389;402.1200
"90048fe5-42a6-4e81-8a93-8537905312b3";https://pp-de-metro-markets.imgix.net/item_image/8fe60802-d07c-425a-ab0c-60cc38050047?h=148&ixlib=php-2.3.0&q=100&w=148;vidaXL Geräteschuppen Anthrazit Stahl 257x205x178 cm;208;825.3400
"796d01d7-ae3a-43f2-b5be-8f0d39f2d177";https://pp-de-metro-markets.imgix.net/item_image/03517491-c378-46b5-b395-352a6f1f8ff2?h=148&ixlib=php-2.3.0&q=100&w=148;Merxx Merida Eckset;1371;335.2200
"93918133-dff9-4a74-aac7-4002addce07b";https://pp-de-metro-markets.imgix.net/item_image/8c734a18-8531-4c29-8e8b-fe8928bb618c?h=148&ixlib=php-2.3.0&q=100&w=148;aro Kaffeeweißer 12 x 250 g (3 kg);479;341.4900
c3e05d29-1b35-462e-ba22-83b2008f2149;https://pp-de-metro-markets.imgix.net/item_image/30f29934-5a64-4867-a8e3-5c42c9463d6e?h=148&ixlib=php-2.3.0&q=100&w=148;HAKA WC Reiniger Gel Orange 3l Reinigungsmittel Toilettenreiniger gegen Kalk;377;961.9400
"3983aea1-5dea-4d74-9990-9451a24021c9";https://pp-de-metro-markets.imgix.net/item_image/07539271-46c2-424d-ab79-423632cf3916?h=148&ixlib=php-2.3.0&q=100&w=148;Ice Buckets Tray and Tongs;1991;421.2300
"596b9d8f-4a6a-475f-869b-bf1100c90ebe";https://pp-de-metro-markets.imgix.net/item_image/25a26429-a973-4d6e-aab8-e464cf01566b?h=148&ixlib=php-2.3.0&q=100&w=148;aro Fusilli Spirelli Nudeln;66;47.7700
"33a0f7dc-d0a4-4dad-8235-339f128f9c0f";https://pp-de-metro-markets.imgix.net/item_image/f603bdb2-3eec-4821-9536-95a2196fc79c?h=148&ixlib=php-2.3.0&q=100&w=148;METRO Chef Olivenöl 100 % Extra Virgin (5 l);148;233.9800
ab112c72-9d41-4431-8c3d-7d18e5897b2f;https://pp-de-metro-markets.imgix.net/item_image/11800c43-7ee6-44f8-b4ea-eb171150f235?h=148&ixlib=php-2.3.0&q=100&w=148;Teekanne Früchtetee Premium Fruit Selection 20 Teebeutel (60 g);510;5120.4500
"99a28d64-9600-42c7-9adb-ee0b82a14402";https://pp-de-metro-markets.imgix.net/item_image/1c4e942a-c7d0-4c24-a8b8-9501df3fb8f8?h=148&ixlib=php-2.3.0&q=100&w=148;Tapping Attachment;1956;451.2500
dc2fe65b-9452-41f5-ad43-7af53f258919;https://pp-de-metro-markets.imgix.net/item_image/2347e61c-2b6d-404f-88f7-881b8025f80f?h=148&ixlib=php-2.3.0&q=100&w=148;Colour Mix;292;113.2000
"2bea3c9e-f857-488b-bf19-06a2264ae7b2";https://pp-de-metro-markets.imgix.net/item_image/3e1e400c-b6b2-4327-bcd2-0684b34af1f4?h=148&ixlib=php-2.3.0&q=100&w=148;Ceiling fans  Xborder Test (Do not touch it);100000;141.0000
"72d0a4fd-8c08-41dd-b2f9-7c96648a36dc";https://pp-de-metro-markets.imgix.net/item_image/3e1e400c-b6b2-4327-bcd2-0684b34af1f4?h=148&ixlib=php-2.3.0&q=100&w=148;Ceiling fans  Xborder Test (Do not touch it);100000;123.0000
"2b791d25-df61-4dd6-a0e2-25e925d684db";https://pp-de-metro-markets.imgix.net/item_image/3e1e400c-b6b2-4327-bcd2-0684b34af1f4?h=148&ixlib=php-2.3.0&q=100&w=148;Ceiling fans  Xborder Test (Do not touch it);100000;110.0000
"96b968f2-948e-4740-a320-55e5329584dd";https://pp-de-metro-markets.imgix.net/item_image/3e1e400c-b6b2-4327-bcd2-0684b34af1f4?h=148&ixlib=php-2.3.0&q=100&w=148;Ceiling fans  Xborder Test (Do not touch it);100000;90.0000
"7e67882e-9ab4-45f5-b307-ab396044e927";https://pp-de-metro-markets.imgix.net/item_image/3e1e400c-b6b2-4327-bcd2-0684b34af1f4?h=148&ixlib=php-2.3.0&q=100&w=148;Ceiling fans  Xborder Test (Do not touch it);99965;60.0000
"95802d0d-02ce-4ada-845e-c917aa39654d";https://pp-de-metro-markets.imgix.net/item_image/3e1e400c-b6b2-4327-bcd2-0684b34af1f4?h=148&ixlib=php-2.3.0&q=100&w=148;Ceiling fans  Xborder Test (Do not touch it);100000;50.0000
"70f03373-bf51-499d-a410-1c8b3ae6d157";https://pp-de-metro-markets.imgix.net/item_image/27372a26-5930-4fa4-b4fc-42cd8d9b0c67?h=148&ixlib=php-2.3.0&q=100&w=148;WAS Germany - Zimmerservicewagen Isabella;1;700.0000
ead8214a-c36d-4ddb-87e8-4079be5ba52a;https://pp-de-metro-markets.imgix.net/item_image/f42e283b-6bbf-49a9-b039-941343071876?h=148&ixlib=php-2.3.0&q=100&w=148;Varta Cons.Varta Uhren-Batterie V 361 Stk.1;1;2.0000
"9fbef039-1dbf-458c-95c9-8e382d89b71e";https://pp-de-metro-markets.imgix.net/item_image/8a2957fe-36ef-4072-936e-a52ae3c9c633?h=148&ixlib=php-2.3.0&q=100&w=148;AVM Computersysteme DECT Telefon Fritz!FonM2;2;55.5700
"71e51d3e-1d10-4f8c-95a1-f58ee86d834f";https://pp-de-metro-markets.imgix.net/item_image/21181ae1-1505-437b-8d0d-58979c02ca5d?h=148&ixlib=php-2.3.0&q=100&w=148;Barbacoa dani;892;32.0000
"5414844c-be5a-43f5-89fe-a1db9ed8e6c7";https://pp-de-metro-markets.imgix.net/item_image/a962389c-8dfe-4383-9c29-f32c9dff0b85?h=148&ixlib=php-2.3.0&q=100&w=148;swisstone GSM Mobiltelefon SC560 450030;0;1051.0000
"4c333069-d446-456a-9ddd-c42bd69f0b88";https://pp-de-metro-markets.imgix.net/item_image/d71d55fa-fa49-4635-88d2-0de9d8ca149c?h=148&ixlib=php-2.3.0&q=100&w=148;ALEX-TEST 1 x Post-it® Haftnotiz Super Sticky Notes Rio de Janeiro Collection 76 x 76 mm (B x H) 2 x ultragelb, 2 x ultrapink, 2 x neongrün 90;0;151.0000
"7b393907-aad2-4392-bbb0-dea6ffb379b2";https://pp-de-metro-markets.imgix.net/item_image/f3a225ad-bf79-4a1a-bc41-8a0f05953bba?h=148&ixlib=php-2.3.0&q=100&w=148;FFP2-Atemschutzmaske Made in Germany 5er Pack;476;317.4900
"68b8e451-a829-4e18-9c40-013f67e3ed14";https://pp-de-metro-markets.imgix.net/item_image/b143477b-f4fd-44f8-a224-7355c643d006?h=148&ixlib=php-2.3.0&q=100&w=148;JORNE Stehleuchte;5;66.0500
a16e7148-edfb-47a6-8299-17265a1b85f3;https://pp-de-metro-markets.imgix.net/item_image/1e927764-abde-4291-8893-e6ebb1dfee0a?h=148&ixlib=php-2.3.0&q=100&w=148;WMF professional, 12x Fischgabel BISTRO;123;41.8200
a03b62d5-99ab-44ea-8cbf-b175ca045061;https://pp-de-metro-markets.imgix.net/item_image/d8ee0aef-4f52-451e-b8ca-9516f31b89e1?h=148&ixlib=php-2.3.0&q=100&w=148;WMF professional, 12x Gourmetlöffel BISTRO;123;43.5100
c4eb34de-333b-4bbe-a6db-35e220ab8bcb;https://pp-de-metro-markets.imgix.net/item_image/82611f73-14e2-4856-a85b-a38a163102c2?h=148&ixlib=php-2.3.0&q=100&w=148;FÜRI Pro Mehrzweckmesser 12 cm;88;29.9400
"3a24687f-d332-4774-9815-6d629ac898ee";https://pp-de-metro-markets.imgix.net/item_image/4411fd58-1601-4c78-9dd3-cd2c16b229a8?h=148&ixlib=php-2.3.0&q=100&w=148;"FÜRI Pro Kochmesser ""Chef"" 23 cm Box";76;45.5400
"3ab6bb87-05e3-4ce1-8d12-7055ef2697a8";https://pp-de-metro-markets.imgix.net/item_image/26ebcae0-937f-444b-882e-72bca3bb6ef8?h=148&ixlib=php-2.3.0&q=100&w=148;Globo Lighting DAISY Strahler Chrom, Glas rauch, beweglich, LxBxH:700x80x160, exkl. 4xE14 40W 230V;5;54.0300
"83eaa7be-e197-47af-b978-9870a850788b";https://pp-de-metro-markets.imgix.net/item_image/075235dd-d5e4-4c01-9c1c-776003e4163b?h=148&ixlib=php-2.3.0&q=100&w=148;WMF professional, 12x Fischmesser BISTRO;123;41.8200
a9b82d04-de97-4e09-9228-a6d7e0ed99ff;https://pp-de-metro-markets.imgix.net/item_image/502066fe-dfd5-4a12-a40d-bcd9256e0784?h=148&ixlib=php-2.3.0&q=100&w=148;Tranchiergabel 17 cm;5;47.2900
"2a607ea6-762d-4aa7-a466-8e03c9a7c1a7";https://pp-de-metro-markets.imgix.net/item_image/6c1ef3f1-666d-457a-aa27-e98aa56800d0?h=148&ixlib=php-2.3.0&q=100&w=148;Contacto Transportbehälter isoliert 10l;5;189.5800
e584c3a9-0f26-426d-ad36-ef6787a8101d;https://pp-de-metro-markets.imgix.net/item_image/ea163ef0-294c-43d8-a84f-407579b4eb1c?h=148&ixlib=php-2.3.0&q=100&w=148;"Spanferkelgrill ""COLUMBUS""";500;1612.9100
"5d1635db-1ab1-4772-9504-6a2e9d9b0e26";https://pp-de-metro-markets.imgix.net/item_image/c373817c-1c32-40b1-bd8b-0410f991cf1d?h=148&ixlib=php-2.3.0&q=100&w=148;METRO Professional Kühlschrank GRE1400, Edelstahl, 131.4 x 80.5 x 206.5 cm, 940 L, Luftkühlung, 350 W, GN 1/1, mit Schloß, silber;907;1350.0400
e98585b0-a11b-4c17-b756-175531c524b9;https://pp-de-metro-markets.imgix.net/item_image/ba56728f-c7e0-4590-918a-2ccd708cf469?h=148&ixlib=php-2.3.0&q=100&w=148;WW Vodka;602;33.0000
"988228ac-591f-4cc7-bb2a-acf464df1442";https://pp-de-metro-markets.imgix.net/item_image/b86c2d74-66a4-4431-b99e-8cbfba3694e6?h=148&ixlib=php-2.3.0&q=100&w=148;Ismail's Soda siphons;1000;161.2800
"9524d6e6-6269-43d1-9fec-8aefe16dcd61";https://pp-de-metro-markets.imgix.net/item_image/cb469ce5-d7b3-4f4b-87a4-20bedcc16ca7?h=148&ixlib=php-2.3.0&q=100&w=148;"PAPSTAR 250 Teller, Pappe ""pure"" eckig 18 cm x 33 cm weiss";100;25.8900
f5f83b00-4c19-40d5-851c-22a9a02cf584;https://pp-de-metro-markets.imgix.net/item_image/37ad26d3-7a0c-4642-b957-b3785e355627?h=148&ixlib=php-2.3.0&q=100&w=148;"PAPSTAR 250 Teller, Pappe ""pure"" eckig 16,5 cm x 23 cm braun";194;16.7900
"7ab6e257-098b-4bf2-bd15-8739c836eb3c";https://pp-de-metro-markets.imgix.net/item_image/6cc409a0-7dd7-48f9-b289-6311411e0051?h=148&ixlib=php-2.3.0&q=100&w=148;PAPSTAR 100 Bestecktaschen, Airlaid 1/8-Falz 40 cm x 33 cm creme;223;14.7900
"7e5fff8d-1b20-4003-a6d5-7695646b7552";https://pp-de-metro-markets.imgix.net/item_image/7bd25750-579b-4b7d-8d62-ec913ec34e73?h=148&ixlib=php-2.3.0&q=100&w=148;PAPSTAR 100 Bestecktaschen, Airlaid 1/8-Falz 40 cm x 48 cm weiss;92;14.9300
"29438547-7388-42ac-b698-0d912bca3b22";https://pp-de-metro-markets.imgix.net/item_image/71f0497f-0212-4a88-916e-d1fe86c3d25e?h=148&ixlib=php-2.3.0&q=100&w=148;PAPSTAR 480 Bestecktaschen, Airlaid 1/8-Falz 40 cm x 33 cm creme;100;71.2600
ee064e7b-cbc8-4ab6-91e2-776be1d67709;https://pp-de-metro-markets.imgix.net/item_image/a7cde96e-4da6-4dec-9892-7e493eb2ba9a?h=148&ixlib=php-2.3.0&q=100&w=148;PAPSTAR 1000 Döner-Kebab-Tüten, Pergament-Ersatz 16 cm x 16 cm weiss fettdicht;100;25.1100
"5940a434-e9fa-4c36-a356-3a09b9ac7da7";https://pp-de-metro-markets.imgix.net/item_image/4134a563-b162-4359-a26f-81f94e469a77?h=148&ixlib=php-2.3.0&q=100&w=148;"PAPSTAR 1000 Fleischerbeutel, Kraftpapier, gefädelt 28 cm x 14 cm x 6 cm weiss ""Wurstwaren"" mit Druck, klein";38;29.8400
c6d67bc8-0a50-42a2-92c3-a6b2a24f7b03;https://pp-de-metro-markets.imgix.net/item_image/ce03e64d-9f87-4216-aaac-5c392cf9dd06?h=148&ixlib=php-2.3.0&q=100&w=148;"PAPSTAR 100 Pizzataschen, Pergamin 30 cm x 30 cm ""Cafeteria"" fettdicht";300;25.5600
"3b435289-7f04-4f5d-bf72-efcc4043ea98";https://pp-de-metro-markets.imgix.net/item_image/65500eff-ddb9-4061-ae5e-d192544e22a8?h=148&ixlib=php-2.3.0&q=100&w=148;"PAPSTAR Wabenball Ø 60 cm ""Rainbow"" schwer entflammbar";370;13.2900
e36fb3bf-edd6-4263-8084-49bd24573723;https://pp-de-metro-markets.imgix.net/item_image/8aad20ef-e9c7-45b6-bca8-8718683a5d48?h=148&ixlib=php-2.3.0&q=100&w=148;PAPSTAR 250 Servietten, 3-lagig 1/4-Falz 40 cm x 40 cm weiss;168;13.9800
"9b865da5-6f64-4df6-9e55-561462f7c804";https://pp-de-metro-markets.imgix.net/item_image/3d80c286-b854-4a11-818c-6b8c732f8b04?h=148&ixlib=php-2.3.0&q=100&w=148;Starpak 50 Eis- und Dessertschalen, PS rund 500 ml Ø 13 cm · 7,5 cm orange;64;12.4600
"4c15a723-c4cd-420c-8338-808180828368";https://pp-de-metro-markets.imgix.net/item_image/d1cf69f7-6078-47d0-a764-d2e92f314825?h=148&ixlib=php-2.3.0&q=100&w=148;PAPSTAR 1000 Papierfaltenbeutel, Cellulose, gefädelt 35 cm x 15 cm x 7 cm weiss Füllinhalt 2,5 kg;49;24.9100
"29bd4893-1fb3-4023-94cb-8571656264ac";https://pp-de-metro-markets.imgix.net/item_image/9644e542-2b48-46eb-bcb2-dc8c68b29587?h=148&ixlib=php-2.3.0&q=100&w=148;PAPSTAR 1000 Papierfaltenbeutel, Cellulose, gefädelt 35 cm x 13 cm x 7 cm weiss Füllinhalt 2 kg;60;22.8400
"96208f3d-e629-4ae2-b57e-b919fb4cd398";https://pp-de-metro-markets.imgix.net/item_image/f3d23d30-bfd5-4794-b52a-e5e42fef6ac5?h=148&ixlib=php-2.3.0&q=100&w=148;PAPSTAR 1000 Fleischerbeutel, Kraftpapier, gefädelt 28 cm x 14 cm x 6 cm weiss mit Druck, klein;92;29.8400
aa6a9878-39b0-4799-96c8-fc65078df39f;https://pp-de-metro-markets.imgix.net/item_image/a6285e3d-2380-44a5-b1db-d033cb492aa9?h=148&ixlib=php-2.3.0&q=100&w=148;"PAPSTAR 250 Teller, Pappe ""pure"" eckig 21,5 cm x 29 cm weiss";100;26.0400
"75b71740-231d-40ad-93a7-ef967c7e740f";https://pp-de-metro-markets.imgix.net/item_image/859bd7f3-57a2-4a99-815b-b666868c161d?h=148&ixlib=php-2.3.0&q=100&w=148;"PAPSTAR 100 Servietten, stoffähnlich, Airlaid 1/8-Falz 40 cm x 48 cm anthrazit ""Premium""";136;18.2100
"0daec8b7-ff8a-4672-9c41-e80960e683ea";https://pp-de-metro-markets.imgix.net/item_image/38d827a8-f7ec-4fb0-828e-315e0c887e2d?h=148&ixlib=php-2.3.0&q=100&w=148;"PAPSTAR 1000 Spitztüten, Pergament-Ersatz 27 cm x 19 cm x 19 cm ""Sweets"" Füllinhalt 125 g, fettdicht";46;39.0600
"186d3d76-4f77-4081-9112-f0567607eef2";https://pp-de-metro-markets.imgix.net/item_image/00b2d08e-2ce4-4306-bcc0-36466f64bbee?h=148&ixlib=php-2.3.0&q=100&w=148;"PAPSTAR Metzgerwachspapier, 1/8 Bogen ""pure"" eckig 37,5 cm x 25 cm weiss mit Palmwachsbeschichtung à 12,5 kg";83;76.8600
af1decfa-4402-4c34-aac6-aff60efd4cee;https://pp-de-metro-markets.imgix.net/item_image/07cc5b30-453c-4cb5-a25d-75d818fdc16b?h=148&ixlib=php-2.3.0&q=100&w=148;"PAPSTAR 50 Fingerfood - Teller, Holz ""pure"" rund Ø 14 cm · 2 cm";1000;14.0300
"08c106d8-498b-47f7-a5e9-05a100332adc";https://pp-de-metro-markets.imgix.net/item_image/03740998-f7b6-4c72-8545-9f55d601ed3b?h=148&ixlib=php-2.3.0&q=100&w=148;PAPSTAR 2000 Flachbeutel, CPP 25 cm x 16 cm glasklar flammperforiert, geblockt à 100 Beutel;42;48.5600
"53ad39ba-0a4b-428b-a98d-aa6d7db5c364";https://pp-de-metro-markets.imgix.net/item_image/f12605e0-6d83-4516-bd2f-d9d96bb225a2?h=148&ixlib=php-2.3.0&q=100&w=148;"PAPSTAR 520 Bestecktaschen 20 cm x 8,5 cm weiss ""Good Morning"" inkl. weißer Serviette 33 x 33 cm 2-lag.";48;61.9900
"28226bd4-3c66-457b-8e36-3d16d65bc94a";https://pp-de-metro-markets.imgix.net/item_image/c8d51de8-f6f0-42a3-a0f7-ed5b68e10813?h=148&ixlib=php-2.3.0&q=100&w=148;PAPSTAR 100 Spritzbeutel 2,6 l 53 cm x 28 cm transparent griffig;80;23.7600
"2db9035b-c3f8-4f46-ae87-596478068b44";https://pp-de-metro-markets.imgix.net/item_image/543ca0ad-3462-4090-95c2-9b4e01faabf8?h=148&ixlib=php-2.3.0&q=100&w=148;"PAPSTAR Kühlakku 53 cm x 32,5 cm x 2,5 cm blau ""Gastro-Norm 1/1""";78;67.9900
"68a5a935-269d-4d24-827e-d1ee554a645e";https://pp-de-metro-markets.imgix.net/item_image/13b5bc2e-f95f-42f9-93e3-479836eaa835?h=148&ixlib=php-2.3.0&q=100&w=148;"PAPSTAR 520 Bestecktaschen 20 cm x 8,5 cm schwarz/weiss ""Stripes"" inkl. farbiger Serviette 33 x 33 cm 2-lag.";100;63.0900
"00a2c54c-f782-4cdf-ba9a-9938d7f972cf";https://pp-de-metro-markets.imgix.net/item_image/58694454-7b4a-41bf-a518-d76667b9e1f2?h=148&ixlib=php-2.3.0&q=100&w=148;"PAPSTAR 100 Popcorn Tüten, Pergament-Ersatz 4,5 l 24,5 cm x 19 cm x 9,5 cm ""Popcorn"" fettdicht";105;44.2900
"2c8e8f13-f8af-493a-989d-ea5df4456ead";https://pp-de-metro-markets.imgix.net/item_image/c91f3eab-4742-41b6-b34d-9bc30338d91d?h=148&ixlib=php-2.3.0&q=100&w=148;"PAPSTAR 100 Pizzakartons, Cellulose ""pure"" eckig 20 cm x 20 cm x 3 cm";66;34.5400
cd3ab0d8-c982-44bd-bd13-dca9e760a4e1;https://pp-de-metro-markets.imgix.net/item_image/53d70897-e4ed-4e5a-a1e9-b5144739d8ee?h=148&ixlib=php-2.3.0&q=100&w=148;"PAPSTAR 1000 Fleischerbeutel, Kraftpapier, gefädelt 32 cm x 20 cm x 7 cm weiss ""Wurstwaren"" mit Druck, groß";65;43.1400
"9d0bd60f-3d05-4428-93fa-b37ef5269807";https://pp-de-metro-markets.imgix.net/item_image/f187ce36-e9e0-4d81-9415-45d641834935?h=148&ixlib=php-2.3.0&q=100&w=148;PAPSTAR 250 Servietten, 3-lagig 1/4-Falz 40 cm x 40 cm bordeaux;32;13.1500
"468bcbad-10cd-4cab-961d-78b270686994";https://pp-de-metro-markets.imgix.net/item_image/8b2100cc-aa1b-4633-8b34-10436774d818?h=148&ixlib=php-2.3.0&q=100&w=148;PAPSTAR 250 Servietten, 3-lagig 1/4-Falz 40 cm x 40 cm dunkelblau;120;15.2900
"2c2701b8-d743-4408-8089-6b62fc963e1f";https://pp-de-metro-markets.imgix.net/item_image/060f78a3-1e64-4eed-adf5-4bd4c752218e?h=148&ixlib=php-2.3.0&q=100&w=148;"PAPSTAR 100 Pizzakartons, Cellulose ""pure"" eckig 30 cm x 30 cm x 3 cm";100;37.9200
"706d0ceb-1b51-4f89-9718-8a866ca8ba37";https://pp-de-metro-markets.imgix.net/item_image/b87728aa-f3c9-46b6-895d-abb4ab4963cf?h=148&ixlib=php-2.3.0&q=100&w=148;PAPSTAR 1000 Papierfaltenbeutel, Cellulose, gefädelt 42 cm x 15 cm x 7 cm weiss Füllinhalt 3 kg;100;31.1200
e0023aa3-f991-4db5-be47-e1339967760e;https://pp-de-metro-markets.imgix.net/item_image/db7338b1-3ed0-47f4-958b-81c983bc5ebf?h=148&ixlib=php-2.3.0&q=100&w=148;Varta NIMH 12V Akkupack Roto ZEL Akku 12 V/2,0Ah WDT-S RT2 SF G2/G3/G4 - 1er Blister;14;16.3200
fd7de2d8-b938-47b2-808c-e1c22e1f8920;https://pp-de-metro-markets.imgix.net/item_image/8ff52fb2-8c0f-48e0-aa06-716d9abbbc18?h=148&ixlib=php-2.3.0&q=100&w=148;ELTEN Sicherheitshalbschuh WHITE Grip Low ESD S2 Größe 44;32;74.8600
"24c702f9-0e25-43c2-8733-46e95d3b73ff";https://pp-de-metro-markets.imgix.net/item_image/5864fb97-8f85-4475-ae88-3174a29bef1b?h=148&ixlib=php-2.3.0&q=100&w=148;ELTEN Sicherheitshalbschuh WHITE Grip Low ESD S2 Größe 42;19;74.8600
"1905b88b-0ab1-466c-a893-e91712d1bfe9";https://pp-de-metro-markets.imgix.net/item_image/0c60bd9d-7120-4426-9a95-a7a2eaced8b0?h=148&ixlib=php-2.3.0&q=100&w=148;ELTEN Sicherheitshalbschuh WHITE Grip Low ESD S2 Größe 35;17;74.8600
e5cd7336-bb0c-4b1a-b9e9-41fe6abdee09;https://pp-de-metro-markets.imgix.net/item_image/c7e29740-38ce-466b-8d14-5c2a3450aaee?h=148&ixlib=php-2.3.0&q=100&w=148;Max Winzer Sessel Alessandro - schwarz;20;276.6800
ac62ec5c-e589-4c12-b15f-88a1ae7fd1b1;https://pp-de-metro-markets.imgix.net/item_image/91b86118-e02b-4119-94df-f5435cc257d2?h=148&ixlib=php-2.3.0&q=100&w=148;Globo Lighting NABRO Hängeleuchte altmessing, Glas amber, D:570, H:1360, exkl. 3xE27 60W 230V;5;54.7500
f8abea2b-340c-4b6c-a901-7b479b5d91fe;https://pp-de-metro-markets.imgix.net/item_image/e545d340-1d18-4bd7-a79d-56ad4734db2c?h=148&ixlib=php-2.3.0&q=100&w=148;Max Winzer Sessel Alessandro - rot;20;283.6500
b9bd08da-1b11-4de2-b9e4-8c90bc3faff6;https://pp-de-metro-markets.imgix.net/item_image/099a57c9-5fa3-485b-9bd7-d43031d22edc?h=148&ixlib=php-2.3.0&q=100&w=148;Globo Lighting NEVADA Hängeleuchte Chrom, K5 Kristalle klar, dimmbar, Fernbedienung, Farben fixierbar, inkl.1xLED 24W38,4V;5;54.7500
a858e68b-14f0-4a98-9344-b9a435e7f4fd;https://pp-de-metro-markets.imgix.net/item_image/6d439117-6926-494f-a3d1-8cac6592887b?h=148&ixlib=php-2.3.0&q=100&w=148;BLADE Stehleuchte;5;52.5600
"49331f8a-d095-406b-96fb-c3e844696839";https://pp-de-metro-markets.imgix.net/item_image/ba2a7ec9-3509-4087-931c-fe611be32583?h=148&ixlib=php-2.3.0&q=100&w=148;Globo Lighting CUIMBRA I Deckenleuchte Chrom, Acryl, LxBxH:900x550x180, inkl. 1xLED 40W 12V, 1939lm Source, 1600lm Output, 3000K;5;62.4300
"75d76dcd-10d2-45ab-a412-4d3b97f0cfce";https://pp-de-metro-markets.imgix.net/item_image/3a424d17-2eaa-4a3f-bd9d-f4d1bc6df920?h=148&ixlib=php-2.3.0&q=100&w=148;Globo Lighting XIRENA I Luster Chrom weiß, Acrylkristalle, D:670, H:1660, exkl. 6xE14 40W 230V;5;57.1600
e5ab777e-2afa-4161-af6b-06f544e9a828;https://pp-de-metro-markets.imgix.net/item_image/57d190e4-f90e-4764-bae8-179e9fbf2efd?h=148&ixlib=php-2.3.0&q=100&w=148;Globo Lighting KRIS Strahler Metall rostfarben, Schirm innen weiß, LxBxH:800x150x200, exkl. 4xE14 40W 230V;5;75.8700
b9ec423e-1768-4832-bc96-145eb2f2fc4b;https://pp-de-metro-markets.imgix.net/item_image/c44bf4f1-be1a-4f11-b302-0f0d73667835?h=148&ixlib=php-2.3.0&q=100&w=148;Globo Lighting BAYUDA Deckenleuchte Metall weiß, Kunststoff opal, Sparkle-Dekor, Farben fixierbar, inkl. 1xLED 30W 230V;4;37.0200
"1269ab34-8a31-4a33-abcf-1259fcfd7d4d";https://pp-de-metro-markets.imgix.net/item_image/b77a9efa-dcd3-416e-a55a-e831241cf7f1?h=148&ixlib=php-2.3.0&q=100&w=148;Deckenleuchte Chrom, Acryl, Kunststoff, Kristalleffekt, mit Effektfolie, LxBxH:380x380x90, inkl. 1xLED 24W 230V, 2400lm Source, 1870lm Output, 4000K;5;44.9500
c503732b-c9f0-4180-b97c-d3de1402211f;https://pp-de-metro-markets.imgix.net/item_image/6ff72996-bb3b-41ad-a24c-9a6152291164?h=148&ixlib=php-2.3.0&q=100&w=148;INA II Deckenleuchte;5;61.5900
e72800c6-48fa-49b3-b65d-683036d19263;https://pp-de-metro-markets.imgix.net/item_image/5f544990-b767-4590-9d0d-4e161338d085?h=148&ixlib=php-2.3.0&q=100&w=148;Max Winzer Sessel Alegro - oliv;20;401.2400
e53bee9b-ae56-4597-9630-ba8b2d280d2c;https://pp-de-metro-markets.imgix.net/item_image/40fe9a1c-7e42-45df-be9a-ae5e09839f71?h=148&ixlib=php-2.3.0&q=100&w=148;Globo Lighting LUCAS Deckenleuchte Metall weiß, Acryl opal, Sparkle Dekor, Farben fixierbar, inkl. 1xLED 24W 230V;5;42.3500
bab86022-87e6-4b84-8bfd-e804615bf27b;https://pp-de-metro-markets.imgix.net/item_image/63e4e4e3-1e92-48aa-b0a8-1e0a7caa8922?h=148&ixlib=php-2.3.0&q=100&w=148;OPTIMA Deckenleuchte;5;38.3700
f8e46760-1876-4491-bd9a-eb5d6d81ec46;https://pp-de-metro-markets.imgix.net/item_image/29b5af16-23c5-4fac-b9d9-94dff6cba1f9?h=148&ixlib=php-2.3.0&q=100&w=148;Globo Lighting ANITA Deckenleuchte Metall weiß, Sparkle Dekor, Nachtlicht, Memory Funktion, inkl. 1xLED 30W 230V;5;40.5300
"716e8ea5-7ae9-409a-9d68-434c42b52300";https://pp-de-metro-markets.imgix.net/item_image/ca186c5f-489c-4c86-8100-fd5544ba4ab4?h=148&ixlib=php-2.3.0&q=100&w=148;Globo Lighting VARUS Deckenleuchte Kunststoff weiß, Acryl opal weiß, Sensor:2-5m, 360°, Höhe 2-4m, inkl. 1xLED 24W 230V;5;35.9300
"81c1bc35-b2cd-4d97-a52b-884fb8a9c64a";https://pp-de-metro-markets.imgix.net/item_image/f795f688-0c8c-4331-b162-8ad061af61ca?h=148&ixlib=php-2.3.0&q=100&w=148;UMBRELLA Wandleuchte;3;54.9800
"81b9a6b3-192d-4266-b90a-47646ece8981";https://pp-de-metro-markets.imgix.net/item_image/1b7f01e6-4139-47d9-849d-84085c27521e?h=148&ixlib=php-2.3.0&q=100&w=148;Globo Lighting NALA Stehleuchte nickel matt, Kunststoff, Textil grau, Höhe Schirm 31 cm, Schalter, D:400, H:1600, exkl. 1xE27 60W 230V;5;49.8200
"2dc700c3-81b8-4da8-afb3-0e2c3850e821";https://pp-de-metro-markets.imgix.net/item_image/9cb23fd1-ebe0-452e-9d87-55c989111b87?h=148&ixlib=php-2.3.0&q=100&w=148;Max Winzer Recamiere mit Armteil rechts klappbar Selma - anthrazit;20;571.2000
"3c6d4b79-6502-47b6-b63c-b38deac058d3";https://pp-de-metro-markets.imgix.net/item_image/2126ba4d-72c4-4f66-96ce-6a0ab7ba3e7d?h=148&ixlib=php-2.3.0&q=100&w=148;Max Winzer Recamiere mit Armteil links klappbar Selma - anthrazit;20;571.2000
"2afcd834-ef68-455f-bc3c-b73a60a98674";https://pp-de-metro-markets.imgix.net/item_image/b2b5e1cd-ade8-45d7-b375-118f3c6489ae?h=148&ixlib=php-2.3.0&q=100&w=148;Max Winzer Recamiere mit Armteil links klappbar Selma - sahara;20;571.2000
d5d4d2dd-65c0-4fbd-9fbb-2ec11494274a;https://pp-de-metro-markets.imgix.net/item_image/fdec6984-467a-446b-a314-f015330e83e0?h=148&ixlib=php-2.3.0&q=100&w=148;Max Winzer Recamiere mit Armteil links klappbar Selma - beige;20;603.2400
"962e1940-b3d3-4cba-aca7-28054b6f9f83";https://pp-de-metro-markets.imgix.net/item_image/9f59b8f0-9099-429f-a718-dd2892e093b1?h=148&ixlib=php-2.3.0&q=100&w=148;Max Winzer Recamiere mit Armteil rechts klappbar Selma - hellgrau;20;569.6200
"404d9957-89bf-4665-91fb-bd5f70598a85";https://pp-de-metro-markets.imgix.net/item_image/5f0ef42b-a3fa-40ac-b7a9-91e80cbbf9b0?h=148&ixlib=php-2.3.0&q=100&w=148;Max Winzer Recamiere mit Armteil rechts klappbar Selma - anthrazit;20;561.2200
"05f8f927-a0d7-47da-b312-e0dbe55b57e6";https://pp-de-metro-markets.imgix.net/item_image/8583fc05-e35b-48cd-bbe5-3e507e5e2a15?h=148&ixlib=php-2.3.0&q=100&w=148;Max Winzer Sofa 2,5-Sitzer Orleans - cognac;20;1989.7900
"1653a023-dccf-4237-a3c4-347f739997ad";https://pp-de-metro-markets.imgix.net/item_image/218a5b4b-affd-4a4d-9eae-932651612cbc?h=148&ixlib=php-2.3.0&q=100&w=148;Max Winzer Sofa 2-Sitzer Orleans - braun;20;1675.2500
"3562f45f-5a6d-4fee-b184-19512aaf1bee";https://pp-de-metro-markets.imgix.net/item_image/8b769ec8-2aae-4bf2-95ab-07d58d652fa9?h=148&ixlib=php-2.3.0&q=100&w=148;Max Winzer Sofa 2,5-Sitzer Orleans - braun;20;1989.7900
"0078b3b0-9408-422f-a926-8abfc8912f5f";https://pp-de-metro-markets.imgix.net/item_image/b93077f2-95bc-4590-9750-03de771d7752?h=148&ixlib=php-2.3.0&q=100&w=148;Max Winzer Sessel Orleans - mais;20;890.1300
"3ff06bdb-a9a2-4dd7-a482-c6fb752705a8";https://pp-de-metro-markets.imgix.net/item_image/60bbc91a-5e2d-4bd8-8f28-60ec8959c680?h=148&ixlib=php-2.3.0&q=100&w=148;Max Winzer Sessel Orleans - schwarz;20;864.9200
"4bf30fbc-585e-466e-8678-480c3bb48496";https://pp-de-metro-markets.imgix.net/item_image/f46325f4-2fac-41b5-8bb0-6a80de3d84b4?h=148&ixlib=php-2.3.0&q=100&w=148;Max Winzer Sessel Orleans - sand;20;864.9200
"635b03ad-dfad-4d61-83ce-d3a2d906d819";https://pp-de-metro-markets.imgix.net/item_image/9cf20d40-7fd1-4997-b8c3-969179c2965e?h=148&ixlib=php-2.3.0&q=100&w=148;Max Winzer Sessel Orleans - petrol;18;890.1300
"24c91a21-b37f-4fdb-a444-bc86e9f9af64";https://pp-de-metro-markets.imgix.net/item_image/7137a58c-d541-4153-acae-952114b6b002?h=148&ixlib=php-2.3.0&q=100&w=148;Max Winzer Sessel Orleans - creme;20;864.9200
"7d6d6f18-6945-41b6-96d2-6b2492ce93a8";https://pp-de-metro-markets.imgix.net/item_image/9688df4f-1da5-4793-84fb-51c090976f31?h=148&ixlib=php-2.3.0&q=100&w=148;Max Winzer Sessel Orleans - anthrazit;20;864.9200
"9505a610-3837-4d7d-9fd8-38c4d5307dc5";https://pp-de-metro-markets.imgix.net/item_image/4097b872-01b8-4900-8913-e514f1c9973c?h=148&ixlib=php-2.3.0&q=100&w=148;Max Winzer Sessel Orleans - rosé;20;864.9200
"7ec89f54-0dee-4869-9ed1-ee34c14168c8";https://pp-de-metro-markets.imgix.net/item_image/34a570ea-0f84-4395-ae50-4074c4993a1f?h=148&ixlib=php-2.3.0&q=100&w=148;Max Winzer Sessel Orleans - braun;18;864.9200
"50471651-fea8-43d9-b151-b182f6fd7b66";https://pp-de-metro-markets.imgix.net/item_image/44b76b36-f4f2-4523-89d8-bf70bfa77277?h=148&ixlib=php-2.3.0&q=100&w=148;Max Winzer Sessel Orleans - burgund;20;890.1300
b243ad05-85e6-4134-b056-0f57b429a0d8;https://pp-de-metro-markets.imgix.net/item_image/b8cd411d-825c-4e43-967c-5235240a10d0?h=148&ixlib=php-2.3.0&q=100&w=148;Max Winzer Sessel Orleans - creme;20;890.1300
"937385e7-55a3-44c3-b514-582ce8cfb300";https://pp-de-metro-markets.imgix.net/item_image/f71e2503-71e5-42ea-b4c6-988fa8747d4a?h=148&ixlib=php-2.3.0&q=100&w=148;Max Winzer Sofa 2-Sitzer Orleans - creme;20;1162.6500
e8968c26-0c97-4a12-bd06-8499eb7fe909;https://pp-de-metro-markets.imgix.net/item_image/52e1fe35-4683-4cf4-866f-09548bf68a53?h=148&ixlib=php-2.3.0&q=100&w=148;Max Winzer Sofa 2-Sitzer Orleans - braun;20;1162.6500
"9f1cce73-cc9f-4185-9ab2-0d79e96be93c";https://pp-de-metro-markets.imgix.net/item_image/4a19ecb0-721e-4cad-9b66-f32a2f7a43a5?h=148&ixlib=php-2.3.0&q=100&w=148;Max Winzer Sessel Milla - dunkelblau;20;352.3100
ef6a3938-845b-46d7-8f82-6bec41d3e534;https://pp-de-metro-markets.imgix.net/item_image/ee83dbb9-3417-4be8-8350-563f043bbf3a?h=148&ixlib=php-2.3.0&q=100&w=148;Max Winzer Sessel Milla - beige;20;352.3100
"843952d3-4e9d-4565-bc5b-224b4265350d";https://pp-de-metro-markets.imgix.net/item_image/5a469750-9391-44cb-9708-033a88509712?h=148&ixlib=php-2.3.0&q=100&w=148;Max Winzer Sessel Milla - terracotta;20;352.3100
"2a834545-98b1-4432-8288-b821279ab615";https://pp-de-metro-markets.imgix.net/item_image/0991a238-915f-4bb3-975a-b17f472eb3a9?h=148&ixlib=php-2.3.0&q=100&w=148;Max Winzer Sessel Milla - silber;20;352.3100
"2585e029-8773-481f-96d2-e01777ae014f";https://pp-de-metro-markets.imgix.net/item_image/b3aae8c0-fe25-4f54-816d-ddbff3979204?h=148&ixlib=php-2.3.0&q=100&w=148;Max Winzer Ohrenbackensessel Lorris - beige;20;330.5600
e858c1ed-acd7-4ef2-98e2-411e3e56332a;https://pp-de-metro-markets.imgix.net/item_image/bd46108d-ebcd-4554-bd19-c9ba19d2bfb0?h=148&ixlib=php-2.3.0&q=100&w=148;Max Winzer Ohrenbackensessel Lorris - schwarz;20;383.0000
"5aea117c-41a7-423b-b3af-3b1d971dede6";https://pp-de-metro-markets.imgix.net/item_image/7e0d7210-081a-4d26-a79b-d815f615a14b?h=148&ixlib=php-2.3.0&q=100&w=148;Lorris Hocker Veloursstoff Creme Buche Natur ;20;209.4500
"012260e0-a775-464a-b690-d791499d7b0d";https://pp-de-metro-markets.imgix.net/item_image/c75a7365-334c-4622-944f-1bdf3bc7d084?h=148&ixlib=php-2.3.0&q=100&w=148;Lorris Hocker Veloursstoff Anthrazit Buche Natur ;20;217.8600
"297e8a5e-db78-4c88-a33d-888ddbedf3ff";https://pp-de-metro-markets.imgix.net/item_image/ca5096b8-2916-4ba8-bd45-5681af9b5890?h=148&ixlib=php-2.3.0&q=100&w=148;Lorris Hocker Veloursstoff Sahara Buche Natur ;20;209.4500
"642eb28a-69c2-44d0-bd02-08f76616bd4d";https://pp-de-metro-markets.imgix.net/item_image/897f48cd-3d76-44e3-abbe-a9e29f3e1be5?h=148&ixlib=php-2.3.0&q=100&w=148;Max Winzer Ohrenbackensessel Lorris - schwarz;20;383.0000
"2b26ce53-5b06-443d-93b4-e196f175e6f2";https://pp-de-metro-markets.imgix.net/item_image/ade1642f-43fa-4841-8320-d66bd29770aa?h=148&ixlib=php-2.3.0&q=100&w=148;Max Winzer Ohrenbackensessel Lorris - petrol;20;383.0000
"8f2a662b-a2ab-4f06-9f5f-7543d80c4a6f";https://pp-de-metro-markets.imgix.net/item_image/bc9d6ab1-bc05-4132-b8a0-51513d640b2f?h=148&ixlib=php-2.3.0&q=100&w=148;Max Winzer Ohrenbackensessel Lorris - anthrazit;20;383.0000
e1785168-a4a2-4407-8886-8f6bad83caf6;https://pp-de-metro-markets.imgix.net/item_image/6b29a8dd-41cf-4746-86f2-0e68db7a4725?h=148&ixlib=php-2.3.0&q=100&w=148;Mayer Sitzmöbel Bar- und Tresenhocker myTOBY Kunstleder vintage schwarz;100;174.1900
f233abc2-2ec7-4b1d-9f15-4a68c965881e;https://pp-de-metro-markets.imgix.net/item_image/accc5b71-4f97-4835-9311-d60f4b858c94?h=148&ixlib=php-2.3.0&q=100&w=148;Mayer Sitzmöbel Bar- und Tresenhocker myTOBY Kunstleder vintage schlamm;100;174.1900
a4ac8162-4922-4a57-a028-f27cae43b239;https://pp-de-metro-markets.imgix.net/item_image/49758272-88fe-4dd4-b5fc-3d15683f0cd1?h=148&ixlib=php-2.3.0&q=100&w=148;Mayer Sitzmöbel Bar- und Tresenhocker myTOBY Kunstleder vintage lichtgrau;100;169.9900
"2d7dbb89-9395-42d9-a2f8-280c386e43d6";https://pp-de-metro-markets.imgix.net/item_image/866d9aca-5a3d-4e38-ad20-1a08d06a8611?h=148&ixlib=php-2.3.0&q=100&w=148;Max Winzer Ohrenbackensessel Lorris - sahara;20;394.3300
"2bf463f5-c5a3-416e-8ff7-32f91ebbe104";https://pp-de-metro-markets.imgix.net/item_image/95a679fc-abde-4d98-9846-3eba8b9479f7?h=148&ixlib=php-2.3.0&q=100&w=148;Max Winzer Ohrenbackensessel Lorris - schwarz;20;383.0000
"7f0534d9-d802-464b-8a3c-fc3d472c9f7c";https://pp-de-metro-markets.imgix.net/item_image/9178386f-90c4-40fa-a8ee-30fd18cba4cb?h=148&ixlib=php-2.3.0&q=100&w=148;Max Winzer Ohrenbackensessel Lorris - anthrazit;20;390.1200
b4759659-e27b-44df-80cf-27105a3fe81c;https://pp-de-metro-markets.imgix.net/item_image/18037b44-8de5-4ed3-b933-0f617bcd2085?h=148&ixlib=php-2.3.0&q=100&w=148;Max Winzer Sofa 2-Sitzer Corona - rot;20;734.0700
b239f01d-c097-40d5-ab82-85f58603969d;https://pp-de-metro-markets.imgix.net/item_image/78de052a-5b72-4d3d-bf1e-045a5a85b4c3?h=148&ixlib=php-2.3.0&q=100&w=148;Max Winzer Recamiere Armlehne rechts Corona - rot;20;784.4100
"42c8dbee-93d7-4295-897b-f386291d21ce";https://pp-de-metro-markets.imgix.net/item_image/622dbc6f-71d4-4087-9b6d-45db84853170?h=148&ixlib=php-2.3.0&q=100&w=148;Max Winzer Sofa 2-Sitzer Bridgeport - schwarz;20;1557.6100
"7c8a511e-6889-4fc1-811c-1b87f06e9ca6";https://pp-de-metro-markets.imgix.net/item_image/471efd76-1c23-4deb-a745-f09dd80bc806?h=148&ixlib=php-2.3.0&q=100&w=148;Max Winzer Sofa 2-Sitzer Bridgeport - braun;20;1566.0100
a4583a6e-3a59-4865-86ee-32210b4653f5;https://pp-de-metro-markets.imgix.net/item_image/6dc63037-a111-419a-ac92-10225663431e?h=148&ixlib=php-2.3.0&q=100&w=148;FÜRI Pro Messerblock für 5 Messer, Holz;46;58.7500
e0be8bc4-5f6f-4378-9656-8930192955e9;https://pp-de-metro-markets.imgix.net/item_image/f3034203-8886-4841-aeb3-7dbf04697ba2?h=148&ixlib=php-2.3.0&q=100&w=148;FÜRI Pro Santoku Messer 17 cm;118;35.2900
"6cc8d931-f906-4bdd-ac61-433d4f53d43d";https://pp-de-metro-markets.imgix.net/item_image/c826a6c8-3421-4710-9b06-fd8d6e174859?h=148&ixlib=php-2.3.0&q=100&w=148;ELO Eisenpfanne 32 cm Iron, unbeschichtet, induktionsgeeignet;15;32.2900
d8ba723d-61ab-4942-a00f-321a68693ab2;https://pp-de-metro-markets.imgix.net/item_image/96d40839-e949-47e5-b654-054fc1445e05?h=148&ixlib=php-2.3.0&q=100&w=148;ELO Eisenpfanne 24 cm Iron, unbeschichtet, induktionsgeeignet;15;20.3800
df1f4f21-a45e-4b88-85df-ee520f75a0cc;https://pp-de-metro-markets.imgix.net/item_image/b3fef66a-f3c2-4b65-8548-3b0c7ea09bb1?h=148&ixlib=php-2.3.0&q=100&w=148;ELO beschichtete Edelstahlpfanne, Ø 28 cm, Profi-Therm, Antihaftversiegelung, induktionsfähig;15;28.3600
f9d265b4-b316-4fd9-8bad-c105803bf678;https://pp-de-metro-markets.imgix.net/item_image/5dc26ca3-c208-417a-bd9d-d01b0912f51e?h=148&ixlib=php-2.3.0&q=100&w=148;ELO beschichtete Edelstahlpfanne 24 cm Profi-Therm;14;22.4100
"3b32a451-f7a4-42cb-8f0b-c0c0178df7b9";https://pp-de-metro-markets.imgix.net/item_image/1c8ff57d-67bb-4ecc-98b3-00ab0407dd26?h=148&ixlib=php-2.3.0&q=100&w=148;ELO Wokpfanne 28 cm Bistro-Line;15;24.3500
"90867d94-998a-45d4-a5b5-05d185ffa3c9";https://pp-de-metro-markets.imgix.net/item_image/483d7e7e-b20b-491c-8080-3fd85a37648a?h=148&ixlib=php-2.3.0&q=100&w=148;ELO Bratpfanne Bistro-Line 28 cm, Aluminium, Antihatfbeschichtung, induktionsgeeignet;15;24.1100
"4cdebf83-6917-48f1-8085-970f8a9a43b8";https://pp-de-metro-markets.imgix.net/item_image/d93f6837-10a8-448c-9502-d89ae761dcb3?h=148&ixlib=php-2.3.0&q=100&w=148;ELO flache Aluminiumpfanne  24 cm Bistro-Line;14;19.8600
e5b5832b-aba2-4ced-81f5-81175427ce74;https://pp-de-metro-markets.imgix.net/item_image/c0876605-473e-48eb-85a7-05c3aae0af04?h=148&ixlib=php-2.3.0&q=100&w=148;CS KOCHSYSTEME, SOLARIS PRO Schmorpfanne 28 cm ?;120;16.7700
d31dd714-4163-4b1e-9ae6-141873b3d63e;https://pp-de-metro-markets.imgix.net/item_image/ba1f2b84-9a4a-4cab-b9f8-620769ad4a16?h=148&ixlib=php-2.3.0&q=100&w=148;Globo Lighting BALI Deckenleuchte Metall weiß, Sparkle Dekor, Farben fixierbar, inkl. 1xLED 60W 230V;5;130.9000
fa4c050a-2a93-4c7c-a86c-f1030f9d6780;https://pp-de-metro-markets.imgix.net/item_image/3cc62ab5-dd7a-45b9-ba3c-bdadc504d4ca?h=148&ixlib=php-2.3.0&q=100&w=148;Globo Lighting VARUS Stehleuchte Muschel, Textil braun, incl. Kabel 25821E, Schalter, LxBxH:365x170x1490, exkl. 2xE27 60W 230V;5;42.7700
"38767252-1c40-4b98-b290-7314231cb1d6";https://pp-de-metro-markets.imgix.net/item_image/389023e1-2821-4265-aae9-e7fde9d17bb6?h=148&ixlib=php-2.3.0&q=100&w=148;Globo Lighting JOEL Hängeleuchte Metall goldfarben, Glas transparent, exkl. 3xE27 40W 230V, 2xE27 ILLU 25W 230V;2;79.9600
ad464cd1-c7d3-424a-8837-56c755d919be;https://pp-de-metro-markets.imgix.net/item_image/9c182a11-8e34-4c9f-99c7-cd1a757c66c7?h=148&ixlib=php-2.3.0&q=100&w=148;Globo Lighting CLARKE Hängeleuchte Metall schwarz, Samt schwarz goldfarben, D:500, H:1400, exkl. 3xE27 60W 230V;5;46.4600
"225d0e7d-bd7d-4a8e-918f-3cb29686c70a";https://pp-de-metro-markets.imgix.net/item_image/1ac29835-438e-415c-8f16-d15af8fe157f?h=148&ixlib=php-2.3.0&q=100&w=148;PACO Deckenleuchte nickel matt, Kunststoff, Textil Blattsilber, Acryl satiniert, mit 5W Lautsprecher, D:400, H:175, exkl. 3xE27 40W 230V;5;35.4200
df59af3a-afd9-4e45-9368-8292c208dce4;https://pp-de-metro-markets.imgix.net/item_image/97ba8253-5cfb-4366-ac16-c791989e6dd1?h=148&ixlib=php-2.3.0&q=100&w=148;Max Winzer Recamiere mit Armteil rechts klappbar Selma - weiß;20;571.2000
"7f0cf37a-0977-4b48-89a4-418cead5c8fc";https://pp-de-metro-markets.imgix.net/item_image/49ad2c10-7202-4dc5-8b59-48da3c7bb9da?h=148&ixlib=php-2.3.0&q=100&w=148;Max Winzer Recamiere mit Armteil rechts klappbar Selma - petrol;20;594.8300
d07c9e07-446a-4a0b-8f60-49d647b84c8a;https://pp-de-metro-markets.imgix.net/item_image/263d8079-6e3f-4f14-8ead-f14166fa256b?h=148&ixlib=php-2.3.0&q=100&w=148;Max Winzer Recamiere mit Armteil links klappbar Selma - silber;20;569.6200
"59873a41-43ac-490b-af6f-ebf57275f7f4";https://pp-de-metro-markets.imgix.net/item_image/dbfd3128-f0f0-4af0-9ef5-e93e02833311?h=148&ixlib=php-2.3.0&q=100&w=148;Max Winzer Sofa 2-Sitzer Orleans - cognac;20;1675.2500
"00f731cb-aede-416f-aecf-f88782be4508";https://pp-de-metro-markets.imgix.net/item_image/986a7e98-12dd-49b9-a0a2-2cb2aba36ee5?h=148&ixlib=php-2.3.0&q=100&w=148;Max Winzer Sessel Orleans - braun;20;1192.6500
decbd749-ae4b-4a15-97de-09f20454da78;https://pp-de-metro-markets.imgix.net/item_image/9f2ca81a-d460-4244-9b56-1c2cab998afe?h=148&ixlib=php-2.3.0&q=100&w=148;Max Winzer Sessel Orleans - oliv;20;864.9200
"41f764b2-edc3-4c93-877e-57ce272d20ea";https://pp-de-metro-markets.imgix.net/item_image/817424cd-91cb-4fb6-8529-9da956a33f79?h=148&ixlib=php-2.3.0&q=100&w=148;Max Winzer Sessel Orleans - rot;17;864.9200
dbe4af66-83d1-46aa-9528-811c09f971ae;https://pp-de-metro-markets.imgix.net/item_image/d66deab9-8faf-498f-a1db-2f1e5b8af352?h=148&ixlib=php-2.3.0&q=100&w=148;Max Winzer Sofa 2-Sitzer Orleans - braun;20;1162.6500
"53258f27-5e09-4175-ba8d-069defad668f";https://pp-de-metro-markets.imgix.net/item_image/17c5c1de-100b-4334-b299-2ab876d258fd?h=148&ixlib=php-2.3.0&q=100&w=148;Max Winzer Sessel Orleans - braun;20;864.9200
"80e83e54-4ce0-4e3f-98f3-9452382785c1";https://pp-de-metro-markets.imgix.net/item_image/7f69c180-51a0-4ec0-8903-cc823f29f310?h=148&ixlib=php-2.3.0&q=100&w=148;Varta Industrial Alkaline 4022-6LR61-9V-E-Block;100;18.2600
"602a194a-db2b-4af8-a376-71b825ccd69e";https://pp-de-metro-markets.imgix.net/item_image/c9aac96a-0203-4384-af30-b3c3c275abfc?h=148&ixlib=php-2.3.0&q=100&w=148;Energizer Ultimate Lithium L92-AAA-FR03-Micro - 10er Pack;100;16.1300
"229f1150-cc3b-4217-a2ca-43b9a5a2d0a3";https://pp-de-metro-markets.imgix.net/item_image/165dc5cb-f650-43b4-9ca2-1e418945d1bb?h=148&ixlib=php-2.3.0&q=100&w=148;Max Winzer Sessel Neele - schoko;20;259.8700
"3c327943-d108-4091-86d0-57130f7b66ac";https://pp-de-metro-markets.imgix.net/item_image/a9abbe65-0155-425a-8177-ec449736d3ff?h=148&ixlib=php-2.3.0&q=100&w=148;Varta Endless Accu HR6-AA-Mignon 1000mAH - 4er Blister;529;7.6800
"6dd405ff-28df-482f-97a5-9cd67449faf5";https://pp-de-metro-markets.imgix.net/item_image/f2b79d7f-1d60-4fcd-a8bf-638a3312b0f8?h=148&ixlib=php-2.3.0&q=100&w=148;Max Winzer Sessel Milla - chili;20;352.3100
e392a9bf-07d2-4783-ac33-eb823aed1869;https://pp-de-metro-markets.imgix.net/item_image/e8542029-1bfd-44bf-8d17-804e45b7003d?h=148&ixlib=php-2.3.0&q=100&w=148;Energizer  LED 1,8 W G4 130 Lumen 300° warm white - 1er Box;260;5.4900
c8ae04f1-d459-48c7-a2a3-502d4292b580;https://pp-de-metro-markets.imgix.net/item_image/018b8b72-e891-4615-8f8a-f6595dd5d22b?h=148&ixlib=php-2.3.0&q=100&w=148;Max Winzer Sessel Milla - schwarz;20;352.3100
"161f8d25-f7f9-447f-a0c7-0e845a6bc657";https://pp-de-metro-markets.imgix.net/item_image/bb00f381-599a-4599-b9d4-f59140fd4ae5?h=148&ixlib=php-2.3.0&q=100&w=148;Max Winzer Sessel Milla - violett;20;352.3100
fa72477d-cb53-4a02-b13a-86de85127a2d;https://pp-de-metro-markets.imgix.net/item_image/61248699-2314-443c-baf1-8d30a4146bfa?h=148&ixlib=php-2.3.0&q=100&w=148;"4 Stück Varta Cons.Varta Ladegerät Eco Charger 57680 57680101401";100;13.3900
"1627f6e9-2a75-4ea5-b49a-bc91e4431805";https://pp-de-metro-markets.imgix.net/item_image/e0be5c35-2de0-495d-b854-80b317fc6668?h=148&ixlib=php-2.3.0&q=100&w=148;Nitecore Sysmax Charger D4EU Li-Ionen Lader - 1er Blister;100;18.2600
"917f322e-09a2-49e1-a6aa-2f35181f205b";https://pp-de-metro-markets.imgix.net/item_image/03bd21cc-6541-4391-a732-e29c88df2ef1?h=148&ixlib=php-2.3.0&q=100&w=148;Nitecore Pro Intellicharge NEW I4 Li-Ion + Nimh Lader - 1er Blister;100;18.2600
"241d9025-a2b0-4820-a7a3-a82a730ea57a";https://pp-de-metro-markets.imgix.net/item_image/218eff57-0ba4-4e64-beaf-0a297588c217?h=148&ixlib=php-2.3.0&q=100&w=148;Lorris Hocker Flachgewebe Rot Buche Natur ;20;209.4500
"8da92151-8782-4787-bcd1-2d60fa7e212d";https://pp-de-metro-markets.imgix.net/item_image/8f2a736b-95f4-45b9-8f87-1ee85e11c6d2?h=148&ixlib=php-2.3.0&q=100&w=148;Max Winzer Ohrenbackensessel Lorris - blau;20;425.8900
"665f9060-3c03-4a37-9916-557036228d56";https://pp-de-metro-markets.imgix.net/item_image/b93f0836-7952-4a54-9e0d-29af0cfcdfa8?h=148&ixlib=php-2.3.0&q=100&w=148;Lorris Hocker Veloursstoff Violett Buche Natur ;20;209.4500
f6020fb4-bb44-4fab-8bcb-8dcec8d6eb21;https://pp-de-metro-markets.imgix.net/item_image/024f37e7-2b6c-435f-bbcc-639df2d7ce63?h=148&ixlib=php-2.3.0&q=100&w=148;Lorris Hocker Veloursstoff Silber Buche Natur ;20;209.4500
aeb9c23e-a090-46fa-a1a1-410cc72ab0e0;https://pp-de-metro-markets.imgix.net/item_image/5104ad28-8ce3-4075-b82b-50d45ad8636c?h=148&ixlib=php-2.3.0&q=100&w=148;Max Winzer Ohrenbackensessel Lorris - violett;20;402.7300
"2ac1e028-5673-4169-9fc0-0a2caa7b0f33";https://pp-de-metro-markets.imgix.net/item_image/deb795ba-08e1-41e1-9a9d-107f43e3d971?h=148&ixlib=php-2.3.0&q=100&w=148;Max Winzer Ohrenbackensessel Lorris - braun;20;425.8900
b80a8adb-3fd8-48c1-b8ae-b07c54d0e859;https://pp-de-metro-markets.imgix.net/item_image/3d9a2e05-fdc2-4854-8cb2-899c68ea9bba?h=148&ixlib=php-2.3.0&q=100&w=148;Max Winzer Ohrenbackensessel Lorris - rot;20;411.1300
"21bed483-d466-40e0-a6f4-b71201d799d8";https://pp-de-metro-markets.imgix.net/item_image/87e89f04-63b5-40d9-b963-e8d52e147498?h=148&ixlib=php-2.3.0&q=100&w=148;Max Winzer Ohrenbackensessel Lorris - oliv;20;402.7300
eceadb29-b554-4f25-ae61-684166091875;https://pp-de-metro-markets.imgix.net/item_image/0d3284a9-b690-405e-aa1b-b1fdbce2295a?h=148&ixlib=php-2.3.0&q=100&w=148;Energizer  CE Ex-geschützte LED Leuchte für 2x D Kat.1 - 1er Blister;100;16.4000
"9d30f882-fac6-49a1-94d6-13085b8619e8";https://pp-de-metro-markets.imgix.net/item_image/4136e8ec-6e05-4cb8-abe6-862d50e9dd1f?h=148&ixlib=php-2.3.0&q=100&w=148;Max Winzer Ohrenbackensessel Lorris - schoko;20;402.3800
f6d8f9b4-4500-4142-92fc-1ea0b9ba8c3b;https://pp-de-metro-markets.imgix.net/item_image/084fd369-087c-483a-aafa-a79b51b64bc1?h=148&ixlib=php-2.3.0&q=100&w=148;Max Winzer Ohrenbackensessel Lorris - hellgrau;20;385.9200
"49e2c3d8-77bb-41d3-9ba7-7edfd4b189f2";https://pp-de-metro-markets.imgix.net/item_image/759a9986-c8c9-4c6c-830e-d2d296a39b0a?h=148&ixlib=php-2.3.0&q=100&w=148;Max Winzer Ohrenbackensessel Lorris - rot;20;394.3300
d9674aa6-b30a-4f9c-8d4c-a0f61235023b;https://pp-de-metro-markets.imgix.net/item_image/54df97eb-951d-4835-9a2b-2ae27c2a7f5c?h=148&ixlib=php-2.3.0&q=100&w=148;Max Winzer Ohrenbackensessel Lorris - dunkelblau;20;394.3300
"6464c573-f29c-4eff-a1f4-b737d3783c24";https://pp-de-metro-markets.imgix.net/item_image/366a2728-8e84-4c28-847f-8af6f0ce6aeb?h=148&ixlib=php-2.3.0&q=100&w=148;ELTEN Sicherheitshalbschuh WHITE Grip Low ESD S2 Größe 43;21;74.8600
"2198775b-592d-4d58-8d5b-75cb51cec72a";https://pp-de-metro-markets.imgix.net/item_image/7980f438-9836-4e37-b260-1f9d6dc61ea5?h=148&ixlib=php-2.3.0&q=100&w=148;Globo Lighting OLIVER OLIVER Hängeleuchte;5;47.6200
baf0eecf-8ffc-4fbb-a6c0-2eed3b29d7b6;https://pp-de-metro-markets.imgix.net/item_image/3d2b59c4-3d8d-4fe8-b9d2-6e76c418cf21?h=148&ixlib=php-2.3.0&q=100&w=148;Globo Lighting XIRENA Stehleuchte Metall schwarz matt, Textilkabel 2,5m, beweglich, Schalter, exkl. 1xE27 60W 230V;5;121.2600
"17d3a82b-7323-44fe-9a45-11d5daa875a5";https://pp-de-metro-markets.imgix.net/item_image/09df5993-7514-44c6-a8bc-15bdb7b0e877?h=148&ixlib=php-2.3.0&q=100&w=148;CALIFORNIA Stehleuchte Metall kupfer, Kunststoff, Kabel 1,8m, Kupfersockel, höhenverstellbar, Schalter, LxBxH:920x300x1960, exkl. 1xE27 40W 230V;5;49.6100
c5ee8cb8-f208-4caa-a0b0-e1004ca9bd58;https://pp-de-metro-markets.imgix.net/item_image/b5f6a30e-e5b2-4221-8a3d-692e8cef00f0?h=148&ixlib=php-2.3.0&q=100&w=148;TADEUS Strahler nickel matt, Chrom, beweglich, inkl. 10706 LED, LxBxH:1450x85x185, inkl. 6xGU10 LED 3W 230V, 250lm Source, 250lm Output, 3000K;5;35.4800
"2e074271-e97a-427a-9862-6ceeef58c952";https://pp-de-metro-markets.imgix.net/item_image/9829a150-e250-4863-965a-cb62c0eb9f96?h=148&ixlib=php-2.3.0&q=100&w=148;Globo Lighting XARA Wandleuchte Metall weiß, Kunststoff opal weiß, D:115, H:110, AL:146, inkl. 1xLED 6W 230V, 590lm Source, 430lm Output, 3000K;4;37.1800
"9cd6458a-24dc-4e64-9581-47dc4f98dc60";https://pp-de-metro-markets.imgix.net/item_image/eb680904-d334-4a09-9fb5-c048edf3f852?h=148&ixlib=php-2.3.0&q=100&w=148;Globo Lighting CAKE Deckenleuchte Kunststoff weiß chrom, Sparkle Dekor, Memory, inkl. 2 x AAA, inkl. 1xLED 40W 230V;5;34.2300
"0cbdb658-b36e-44b6-bafc-d9cdb391d96b";https://pp-de-metro-markets.imgix.net/item_image/1f832239-2574-4e83-8265-21ff5f4b24e7?h=148&ixlib=php-2.3.0&q=100&w=148;TABEA Deckenleuchte Chrom, Acryl, Kunststoff, Kristalleffekt, mit Effektfolie, D:280, H:90, inkl. 1xLED 16W 230V, 1600lm Source, 1410lm Output, 4000K;5;45.4000
"73c30a00-41eb-4696-9db1-a9b12d69c5b4";https://pp-de-metro-markets.imgix.net/item_image/6fade51b-bf8b-407c-9067-f79f2b91fe95?h=148&ixlib=php-2.3.0&q=100&w=148;Globo Lighting ROSI Deckenleuchte Metall goldfarben, weiß patiniert, D:350, H:75, inkl. 1xLED 12W 21V, 1200lm Source, 780lm Output, 3000K;4;43.8300
"8c4e6ab7-17f2-42ad-adbd-ab025e0204c3";https://pp-de-metro-markets.imgix.net/item_image/6377b063-1a2b-40da-8b5f-7e242f86b114?h=148&ixlib=php-2.3.0&q=100&w=148;Max Winzer Sofa 3-Sitzer Bridgeport - weiß;20;1830.1300
b4a23862-531e-46db-8350-67331735d397;https://pp-de-metro-markets.imgix.net/item_image/5c44d0e8-d9a3-45cb-a532-6d08afec68e3?h=148&ixlib=php-2.3.0&q=100&w=148;Max Winzer Sofa 3-Sitzer Bridgeport - rot;20;1830.1300
d7c39d07-38d6-41ab-abb2-3f5c6c4978b0;https://pp-de-metro-markets.imgix.net/item_image/36d8600c-3501-44ff-b0e7-e918ce80fe97?h=148&ixlib=php-2.3.0&q=100&w=148;Max Winzer Sofa 3-Sitzer Bridgeport - braun;20;1830.1300
"1bdec5cf-46de-476f-9f85-bfda8601c6f0";https://pp-de-metro-markets.imgix.net/item_image/d32102f6-ea3e-4bce-80cf-2bdcd186f02d?h=148&ixlib=php-2.3.0&q=100&w=148;Max Winzer Sessel Alessandro - creme;20;283.6500
aadbb824-ed61-4a0f-ad89-7bf3ef9b32eb;https://pp-de-metro-markets.imgix.net/item_image/855894fd-9eb8-464e-917f-38ae5b2ea75c?h=148&ixlib=php-2.3.0&q=100&w=148;Max Winzer Sessel Alessandro - anthrazit;20;283.6500
dd5d8cc5-06b2-4ccf-9b88-3ed971cb19cc;https://pp-de-metro-markets.imgix.net/item_image/155c392b-f2e6-422d-92d7-d1b305a2bee9?h=148&ixlib=php-2.3.0&q=100&w=148;GN Behälter;100;5.7400
"1ad6293e-9257-41db-906f-80f54d6fdf40";https://pp-de-metro-markets.imgix.net/item_image/ae0adf2d-9046-4102-820d-74c31e3c0406?h=148&ixlib=php-2.3.0&q=100&w=148;GN Behälter;100;9.5600
bc1e9ff7-6db7-4b53-b489-d8148103f444;https://pp-de-metro-markets.imgix.net/item_image/32135209-c78f-487f-b33c-477f7090fb50?h=148&ixlib=php-2.3.0&q=100&w=148;WAS Germany - Servierpfanne;94;9.9100
c78555f6-b2e9-459c-8ada-980ee76e5c16;https://pp-de-metro-markets.imgix.net/item_image/00e52195-a279-424e-835e-732a66c86427?h=148&ixlib=php-2.3.0&q=100&w=148;WAS Germany - GN Behälter;100;5.7400
"0c9508f4-b688-4880-85cd-11d96ce60f1b";https://pp-de-metro-markets.imgix.net/item_image/e301211c-c633-40a4-a2da-ce251e355713?h=148&ixlib=php-2.3.0&q=100&w=148;Contacto GN-Behälter 2/4, 65 mm;20;24.7800
f95031b2-6034-47b2-b79f-b6ef66a786bf;https://pp-de-metro-markets.imgix.net/item_image/de0757db-4f4d-4386-9067-aab3641f5ec1?h=148&ixlib=php-2.3.0&q=100&w=148;Contacto Deckel GN 1/3, Polycarbonat;20;10.3700
d8294504-5864-4850-9485-9f76380e7a62;https://pp-de-metro-markets.imgix.net/item_image/f8debfe1-bcb4-426d-a40a-656860bc43e3?h=148&ixlib=php-2.3.0&q=100&w=148;Contacto GN-Behälter 1/3, 200 mm;20;7.0500
aeb2f523-6927-4f35-ac7b-8ac7e69729d5;https://pp-de-metro-markets.imgix.net/item_image/d7e34eca-6ab0-4db2-b064-332f71ac43e8?h=148&ixlib=php-2.3.0&q=100&w=148;Contacto GN-Behälter 1/2, 150 mm;20;6.9300
eeae455c-6ba7-4458-b232-b7165b5a5221;https://pp-de-metro-markets.imgix.net/item_image/ac7a87b0-f5eb-475d-a5bc-b0f78b2a4772?h=148&ixlib=php-2.3.0&q=100&w=148;Contacto GN-Behälter 1/1, 150 mm;20;16.7200
ff27d5fc-6df8-464d-bb1a-d4ecb32bbdec;https://pp-de-metro-markets.imgix.net/item_image/b1b990b2-d354-4236-a9f1-aa0a8adf7cd7?h=148&ixlib=php-2.3.0&q=100&w=148;Contacto GN-Behälter 1/1, 100 mm;20;12.0500
"643c2bc8-bfab-4a19-ab43-5b5e5b78acaa";https://pp-de-metro-markets.imgix.net/item_image/a3d86dad-0875-4c09-a5ff-d93651eee736?h=148&ixlib=php-2.3.0&q=100&w=148;Contacto Einlegeboden GN 1/2, gelocht;20;7.1700
"5e465d74-ba14-4711-a1d8-df3a78f0f236";https://pp-de-metro-markets.imgix.net/item_image/3bd51192-4ad9-483a-a90d-e0c30e726448?h=148&ixlib=php-2.3.0&q=100&w=148;Contacto Deckel 2/4 für 7211-7223;5;13.4000
da17332e-8fad-4b41-8e62-9b938d9c7fa2;https://pp-de-metro-markets.imgix.net/item_image/648c3154-a2b4-49ae-8192-3b4576a5ca07?h=148&ixlib=php-2.3.0&q=100&w=148;Contacto Seihlöffel, perforiert, längs;20;11.2500
"4b2e957f-1dd3-44ee-a825-0d9c3ccc9c43";https://pp-de-metro-markets.imgix.net/item_image/462f4278-d358-4c35-b495-0cee6734062b?h=148&ixlib=php-2.3.0&q=100&w=148;Contacto GN-Behälter 1/2, 150 mm, lila;5;19.3200
cf080209-71a8-49aa-8f52-be1600bfd31b;https://pp-de-metro-markets.imgix.net/item_image/14d20c19-3c39-464b-9ec2-c273d496b048?h=148&ixlib=php-2.3.0&q=100&w=148;Contacto GN-Behälter 1/1, 200 mm;200;14.2800
"6d02e6b8-b19f-4fb9-9165-45e129c47ff2";https://pp-de-metro-markets.imgix.net/item_image/039d1b2e-4817-44b4-95bf-0e731b5ce2e9?h=148&ixlib=php-2.3.0&q=100&w=148;Contacto Behälter GN 1/3 150 mm;20;10.5000
"1d1d9fe4-a1bc-4303-bcde-066a38682ca0";https://pp-de-metro-markets.imgix.net/item_image/3edb609b-17ac-4128-8d6b-ebe0726785da?h=148&ixlib=php-2.3.0&q=100&w=148;Contacto Behälter GN 1/2 150 mm;20;16.5900
b623a6e0-edbd-4bbe-9211-a7484565081a;https://pp-de-metro-markets.imgix.net/item_image/57fe00da-fcbf-4b07-ad4c-6664f083a02b?h=148&ixlib=php-2.3.0&q=100&w=148;Contacto Behälter GN 1/2 100 mm;20;13.3100
"35ba1e21-396f-4349-a279-2d9eefe2c915";https://pp-de-metro-markets.imgix.net/item_image/44971044-836c-4724-8e0e-0c864198e93d?h=148&ixlib=php-2.3.0&q=100&w=148;Contacto Behälter GN 1/1 150 mm;20;22.6000
"75bdb902-94b6-471b-92b5-d4b6211a8070";https://pp-de-metro-markets.imgix.net/item_image/ff6e96e4-9410-47c8-9641-5917968beb3c?h=148&ixlib=php-2.3.0&q=100&w=148;Contacto Behälter GN 1/1 65 mm;20;18.2700
"17104817-f623-4098-82e0-0bd7dc2444bb";https://pp-de-metro-markets.imgix.net/item_image/da69b5b4-9976-4cee-8f57-063ebf16aefd?h=148&ixlib=php-2.3.0&q=100&w=148;Contacto GN-Behälter 1/2, 150 mm;20;11.0000
"5b8b0f90-bebe-4c8e-8944-27fb6ffe5d29";https://pp-de-metro-markets.imgix.net/item_image/05c0095e-8fe2-424e-a933-aa8be834fa5a?h=148&ixlib=php-2.3.0&q=100&w=148;Contacto GN-Behälter 1/1, 150 mm;20;22.1800
"6b64195d-182f-4278-b02e-e6534393c24c";https://pp-de-metro-markets.imgix.net/item_image/601cbc76-dd4b-4df2-be7d-dbaf4eaca4d4?h=148&ixlib=php-2.3.0&q=100&w=148;Contacto GN-Behälter 1/1, 65 mm;20;14.7000
f401b316-42f1-404c-959c-1ee828bf004e;https://pp-de-metro-markets.imgix.net/item_image/5be7d395-c05d-4734-9b15-0bd10ae832b1?h=148&ixlib=php-2.3.0&q=100&w=148;Contacto Servierkelle 8 cm;20;15.7500
"4d04b014-aa2d-4b91-8fd5-fb4c58e3ead5";https://pp-de-metro-markets.imgix.net/item_image/9e0009a6-01cc-4bb9-95ec-ebbf87171912?h=148&ixlib=php-2.3.0&q=100&w=148;Contacto Bouillonkelle;20;12.1800
"21b477ab-e363-4967-8bc9-2a947a217b3d";https://pp-de-metro-markets.imgix.net/item_image/c0caf753-ad13-49df-a3e9-22c1deb21a5e?h=148&ixlib=php-2.3.0&q=100&w=148;Contacto Servierkelle 6,5 cm;20;12.6000
af16979c-400d-46b0-8e0f-93ed1ac0ffce;https://pp-de-metro-markets.imgix.net/item_image/10d690a7-f993-43d2-9e09-366d2d4b7636?h=148&ixlib=php-2.3.0&q=100&w=148;Contacto Servierkelle 4,5 cm;20;10.3700
a475e1e3-9a78-4824-95bb-d3eac0cd1f45;https://pp-de-metro-markets.imgix.net/item_image/e096472f-e0b7-4cb1-88f4-89acaeeab8d2?h=148&ixlib=php-2.3.0&q=100&w=148;Contacto Schöpfkelle 20 cm;20;44.5700
"4705a441-8d31-416d-8489-2b81f2f29451";https://pp-de-metro-markets.imgix.net/item_image/0200e65f-179f-4bca-92e6-ded6b7c7750b?h=148&ixlib=php-2.3.0&q=100&w=148;Contacto Schöpfkelle, 16 cm;20;23.1000
"4ad684bc-283d-484d-bcc9-84c39db523b2";https://pp-de-metro-markets.imgix.net/item_image/fbe05cad-bf93-4be6-98c9-a9c2b9a6aab2?h=148&ixlib=php-2.3.0&q=100&w=148;Contacto Schöpfkelle, 14 cm;20;25.4600
"73a87224-95f0-4b17-842d-d65b43b28b88";https://pp-de-metro-markets.imgix.net/item_image/b879c841-c387-43a4-bbf2-eaa7a58ad3b6?h=148&ixlib=php-2.3.0&q=100&w=148;Contacto Schöpfkelle, 11 cm;20;19.2800
c5bf7d4e-eb63-4798-bd8e-eb2f9b9ff81d;https://pp-de-metro-markets.imgix.net/item_image/4cf52acc-1f16-42c3-998a-90a8980f82a0?h=148&ixlib=php-2.3.0&q=100&w=148;Contacto Schöpfkelle, 10 cm;20;16.6300
fcb05412-f685-46df-a7af-b815583b4933;https://pp-de-metro-markets.imgix.net/item_image/85860988-6a86-4b44-8aac-83aa09b5265e?h=148&ixlib=php-2.3.0&q=100&w=148;Contacto Schöpfkelle, 8 cm;20;11.2500
"84835b84-c8bd-406c-bdb0-6c894813641e";https://pp-de-metro-markets.imgix.net/item_image/f035a965-d824-4bb6-aa11-3ad4540b72f0?h=148&ixlib=php-2.3.0&q=100&w=148;Contacto Schöpfkelle, 7 cm;20;9.4000
"4caea417-b449-4969-8a4e-bbbbd9097306";https://pp-de-metro-markets.imgix.net/item_image/568f84d8-eb0c-461c-aef1-cb7021923a14?h=148&ixlib=php-2.3.0&q=100&w=148;Contacto Rührbesen 63 cm;5;47.7700
fafb9071-691b-4c34-a1b6-d575fdb29d1e;https://pp-de-metro-markets.imgix.net/item_image/f0b25a07-7bbb-4c42-8197-3ee43ebe1ff6?h=148&ixlib=php-2.3.0&q=100&w=148;Contacto Rührbesen 50 cm;5;21.0900
"71ed06f7-9c26-45cd-96a4-fccff4a4fe51";https://pp-de-metro-markets.imgix.net/item_image/eab497cc-8c39-4bc2-93d2-1a3f56f496d6?h=148&ixlib=php-2.3.0&q=100&w=148;Contacto Rührbesen 28 cm;1;9.4000
"00c3a4b0-be9e-427d-beb5-7144a248b407";https://pp-de-metro-markets.imgix.net/item_image/17831ae6-2052-4d1e-b8c8-66edd44afbdb?h=148&ixlib=php-2.3.0&q=100&w=148;Contacto Rührbesen 45 cm;20;12.7700
"3a5906b9-0594-4b3c-bd51-91352b2fc623";https://pp-de-metro-markets.imgix.net/item_image/d78241a9-6141-4cd3-bfde-316baa76e6f6?h=148&ixlib=php-2.3.0&q=100&w=148;Contacto Netzbackschaufel;200;19.4900
"0ed3389a-b9a6-4867-ad9e-9424ab3cddb0";https://pp-de-metro-markets.imgix.net/item_image/5a41bc48-fcc5-4b90-a8f5-966c4ec4d293?h=148&ixlib=php-2.3.0&q=100&w=148;Contacto Schaumkelle 10 cm;17;13.9800
b417cbf8-17c7-4237-bc28-e69dd965f537;https://pp-de-metro-markets.imgix.net/item_image/9d6e127f-ad54-4998-947f-63e453dbb16f?h=148&ixlib=php-2.3.0&q=100&w=148;Contacto Schöpfkelle 10 cm;20;11.3000
"4a71be35-7080-4398-ab19-9bab6eecfc6b";https://pp-de-metro-markets.imgix.net/item_image/b9aa4033-81a0-4914-b2f5-c8333c5a3239?h=148&ixlib=php-2.3.0&q=100&w=148;Contacto Schöpfkelle, tiefe Form 16 cm;200;19.2800
df22e3bc-dea6-431f-88b1-460df6a06b07;https://pp-de-metro-markets.imgix.net/item_image/277e84a7-e529-4624-ba3a-35a1b50c72f5?h=148&ixlib=php-2.3.0&q=100&w=148;Contacto Schöpfkelle, tiefe Form 12 cm;200;13.7700
"790f5e72-0fba-4d60-ae65-3a237a880d3a";https://pp-de-metro-markets.imgix.net/item_image/44a54f1c-3caa-4205-809f-7275a00f672e?h=148&ixlib=php-2.3.0&q=100&w=148;Contacto Schöpfkelle, kurz 8 cm;20;9.7000
ed143d25-8b0a-4ad2-8bca-23b692d856e8;https://pp-de-metro-markets.imgix.net/item_image/677cfd92-a139-4e24-a5aa-2021ce4bbd68?h=148&ixlib=php-2.3.0&q=100&w=148;Contacto Schöpfkelle, tiefe Form 18 cm;20;27.3000
bc533ca7-1fc3-4bc9-b9bc-2d561483e1be;https://pp-de-metro-markets.imgix.net/item_image/82e9690d-7afa-47d7-8d4b-65855c503ed7?h=148&ixlib=php-2.3.0&q=100&w=148;Contacto Schaumkelle tief 12 cm;20;20.7900
"44fff8cd-645d-4572-8682-0b097b964c66";https://pp-de-metro-markets.imgix.net/item_image/d205fb78-96f5-4ae1-899e-cf5f32ef909a?h=148&ixlib=php-2.3.0&q=100&w=148;Contacto Schaumkelle tief 16 cm;19;27.9700
c3ad5a47-e47d-4a53-81d3-10c645648de0;https://pp-de-metro-markets.imgix.net/item_image/3d40c818-0f4d-4285-a806-4dc20c5a3d83?h=148&ixlib=php-2.3.0&q=100&w=148;Contacto Schöpfkelle 12 cm;20;14.8300
c57f8888-8c15-4554-bc54-c40db305d864;https://pp-de-metro-markets.imgix.net/item_image/41bae4c8-d16e-4279-b38a-10341a6fea28?h=148&ixlib=php-2.3.0&q=100&w=148;Contacto Schaumkelle tief  8 cm;20;15.7500
"2b0ad62e-dc4b-4648-bd57-ea6000b04001";https://pp-de-metro-markets.imgix.net/item_image/87f41b34-7962-4140-a497-aaec72a280c1?h=148&ixlib=php-2.3.0&q=100&w=148;Contacto Schaumlöffel kurz 10 cm;20;9.4000
"3fa34341-3d32-45e9-9cb5-cc780ed6959b";https://pp-de-metro-markets.imgix.net/item_image/025ca4cc-8e83-45c7-92b5-07b3b54e2a07?h=148&ixlib=php-2.3.0&q=100&w=148;Contacto Schaumlöffel flach 18 cm;20;15.7500
e5702d59-5c9e-4b99-a0c8-658af2869ab2;https://pp-de-metro-markets.imgix.net/item_image/99cde543-fc0a-42e8-b15d-a386a32e5e02?h=148&ixlib=php-2.3.0&q=100&w=148;Contacto Schaumlöffel 14 cm;20;18.6500
a069c51e-daa0-4eff-8314-f3a0606ea0d5;https://pp-de-metro-markets.imgix.net/item_image/f334c34e-0690-4207-88af-457e7e7a990e?h=148&ixlib=php-2.3.0&q=100&w=148;"PAPSTAR 100 Fingerfood - Spieße 9 cm ""Blackboard""";100;14.0200
"841be28e-c11d-47ed-bad0-8d65884f061c";https://pp-de-metro-markets.imgix.net/item_image/69879ab0-7e1d-45a6-a894-bc8c34071b9e?h=148&ixlib=php-2.3.0&q=100&w=148;"PAPSTAR 500 Bestecke, Holz ""pure"" 16,5 cm (Messer, Gabel)";100;15.6900
"6f8af2c3-d06f-4d4c-ad63-9fe4f079985f";https://pp-de-metro-markets.imgix.net/item_image/3482fd90-9621-4b59-a14b-f6f43c3b4730?h=148&ixlib=php-2.3.0&q=100&w=148;"PAPSTAR 500 Löffel, Holz ""pure"" 15,7 cm";100;18.2600
"8ae49fd5-8be9-4fd6-aece-b321827fe385";https://pp-de-metro-markets.imgix.net/item_image/60b86a92-15c8-4842-a135-0cc50dc1f2c9?h=148&ixlib=php-2.3.0&q=100&w=148;Petzl Kopfleuchte TIKKID rosa E091BA01 Kinderleuchte Outdoor;100;17.7400
f89380f1-d89b-4ffa-8f7a-e42312481bc5;https://pp-de-metro-markets.imgix.net/item_image/da9e761d-8a1b-4025-b0e8-2140bdbd8901?h=148&ixlib=php-2.3.0&q=100&w=148;Energizer Headlight Vision HD+ Fokus 250 Lumen  inkl. 3xAAA Alkaline;100;13.8000
"7dd75a17-4454-4b89-9924-619a7342ab9f";https://pp-de-metro-markets.imgix.net/item_image/325d5a90-3f4f-45a8-bc06-aa31eceec025?h=148&ixlib=php-2.3.0&q=100&w=148;PAPSTAR 100 Siegelrandbeutel, PA / PE 35 cm x 28 cm transparent 90 my;100;16.8300
"1ba8c680-e5d1-47de-a1ee-40e3035ac895";https://pp-de-metro-markets.imgix.net/item_image/57715470-d007-4ef6-a73d-c1e5f27493ad?h=148&ixlib=php-2.3.0&q=100&w=148;Duracell R2U Staycharged AAA HR3 Micro 850 mAh  Blister 4;100;13.8800
"9694329b-e0b6-4873-baa3-512ed724908d";https://pp-de-metro-markets.imgix.net/item_image/15d3323b-8ff3-4f2d-821d-547fd0e5891d?h=148&ixlib=php-2.3.0&q=100&w=148;Premium Batteriepack-Set komp. zu Abus 2Way mit Varta Batterien;100;18.2600
"641b6737-d358-4446-899e-e757da5124b9";https://pp-de-metro-markets.imgix.net/item_image/dd25c7f4-5aef-4796-a651-efd6aef48ffd?h=148&ixlib=php-2.3.0&q=100&w=148;OEM Ultra S312/7S UL7-12F1 12V nom. 7Ah, typ. 7,2 Ah VDS - 1er Box;100;18.2600
"393609eb-7189-4545-a08d-2b29a7acca70";https://pp-de-metro-markets.imgix.net/item_image/35ea2607-2500-4c31-88fd-fefad0c005be?h=148&ixlib=php-2.3.0&q=100&w=148;Energizer  LED 6,5 W GU10 500 Lumen 36° warm white dimmable - 1er Box;100;13.4800
"44d14411-4aa1-4993-8920-5dcf4da15d02";https://pp-de-metro-markets.imgix.net/item_image/2b681112-b884-4bca-893e-635553e6d5a4?h=148&ixlib=php-2.3.0&q=100&w=148;Varta Taschenlampe Night Cutter F20R 18900101111 sw;100;18.2600
"245d6bd6-5a1f-42db-b831-79dfeb3c2c84";https://pp-de-metro-markets.imgix.net/item_image/42ee8a8e-e954-4923-acc4-008c4b2a8f2b?h=148&ixlib=php-2.3.0&q=100&w=148;Xtar Smart-Charger VC4 für 4 x 18650 Li-Ion + Ni-MH Lader - 1er Pack;100;16.4600
bd13780a-6af4-4556-a10a-3c68bd01998d;https://pp-de-metro-markets.imgix.net/item_image/cf2ddde8-1248-4228-a640-235d11e67702?h=148&ixlib=php-2.3.0&q=100&w=148;Nitecore Akku 18650 IC Protected 3400 mAh NL1834 - 1er Blister;100;18.2600
da7a9839-8670-404a-9b0f-13b9ef051fd3;https://pp-de-metro-markets.imgix.net/item_image/fc216848-d108-4642-b2bd-fb0669247b50?h=148&ixlib=php-2.3.0&q=100&w=148;Petzl TIKKID blau E091BA00 Kopfleuchte Kinderleuchte Outdoor;100;17.1500
"28743060-d823-4862-a755-2dd93a66bd58";https://pp-de-metro-markets.imgix.net/item_image/e1757967-f29c-4c82-9856-f72ab9ef9f57?h=148&ixlib=php-2.3.0&q=100&w=148;Petzl e+LITE Signalleuchte mit ZIP. Notfall Lampe mit - 1er Blister;100;15.4400
"4afab7af-b42a-4932-9d81-32438363fb51";https://pp-de-metro-markets.imgix.net/item_image/fd928aa5-6810-4c09-864d-ba720cfc7061?h=148&ixlib=php-2.3.0&q=100&w=148;Contacto Schaumkelle tief 14 cm;15;25.4600
"0d65bd83-0363-45b3-8d03-d8fceb5dc957";https://pp-de-metro-markets.imgix.net/item_image/5f03e306-3f9f-40ad-b7a4-4ce18d96b3e1?h=148&ixlib=php-2.3.0&q=100&w=148;VT Pro X100 LED Leuchte 80 Lm Alu, schwarz inkl. 1x Varta AAA - 1er Blister;100;15.3300
b9758696-e545-46ea-8694-28cf4b210ee0;https://pp-de-metro-markets.imgix.net/item_image/d679f6c6-7f93-490d-9de6-5e86274929bf?h=148&ixlib=php-2.3.0&q=100&w=148;Nitecore Keyring Thumb - 1er Box / 10 Box in VKE;100;13.9300
dd16d35c-6f26-4b42-89f1-4855cc7e527d;https://pp-de-metro-markets.imgix.net/item_image/91615d2c-5465-4924-8aca-1ca22d27b7ba?h=148&ixlib=php-2.3.0&q=100&w=148;Gießer;100;5.4800
f4e26b31-4781-47d4-b55b-b4ef6e764825;https://pp-de-metro-markets.imgix.net/item_image/228eb7cf-3e14-44eb-bd85-bcdb834faf95?h=148&ixlib=php-2.3.0&q=100&w=148;PAPSTAR 1200 Servietten, 1-lagig 1/4-Falz 33 cm x 33 cm weiss;400;13.4900
"72a46267-5f27-4b98-8d63-29624a3e80af";https://pp-de-metro-markets.imgix.net/item_image/5345222a-6a8b-4b44-a34d-e16e0eb6fe58?h=148&ixlib=php-2.3.0&q=100&w=148;Contacto Deckel dichtschließend GN 1/2;20;7.9100
eb03c774-da6d-45ef-955a-c887dd1152d2;https://pp-de-metro-markets.imgix.net/item_image/71cd2ac2-bb89-4ac4-8c2e-67d39ff4d967?h=148&ixlib=php-2.3.0&q=100&w=148;Contacto GN-Behälter 1/4, 200 mm;20;5.2700
"795a83ad-6cd0-4944-84e8-f227e3de6625";https://pp-de-metro-markets.imgix.net/item_image/ff5a8586-f450-4b21-ba54-733f1236dfbc?h=148&ixlib=php-2.3.0&q=100&w=148;Contacto Deckel GN 1/2, Polycarbonat;20;11.5900
"10d674fa-5583-4a22-b8c4-569f87c26e53";https://pp-de-metro-markets.imgix.net/item_image/08bf49e4-5290-4f83-a270-2437adb8f181?h=148&ixlib=php-2.3.0&q=100&w=148;Contacto GN-Behälter 1/2, 65 mm;20;9.4500
"3d7a9e2e-f114-41a3-bbe7-e384407d3b05";https://pp-de-metro-markets.imgix.net/item_image/71bd5be3-17ac-4f97-b679-e9a060a8d193?h=148&ixlib=php-2.3.0&q=100&w=148;Contacto GN-Behälter 1/1, 200 mm;20;19.1100
"84155397-8a9f-43ad-ace0-bb6a6d1150ff";https://pp-de-metro-markets.imgix.net/item_image/7d3bc204-4c96-44fa-8c72-24a67b52410f?h=148&ixlib=php-2.3.0&q=100&w=148;Contacto Einlegeboden GN 2/1, gelocht;20;15.5400
f6ad565b-e191-4cfb-8ae8-39214383abc0;https://pp-de-metro-markets.imgix.net/item_image/14067fde-6f49-45e3-9cfa-689b9706cfb0?h=148&ixlib=php-2.3.0&q=100&w=148;Contacto Deckel 2/4 für 7211-7223;5;14.5200